DROP TABLE IF EXISTS P10_Card;
DROP TABLE IF EXISTS P10_Attack;
DROP TABLE IF EXISTS P10_Resistance;
DROP TABLE IF EXISTS P10_Weakness;
DROP TABLE IF EXISTS P10_User;
DROP TABLE IF EXISTS P10_Ability;
DROP TABLE IF EXISTS P10_Contient;
DROP TABLE IF EXISTS P10_Collection;

CREATE TABLE IF NOT EXISTS P10_User(
	userId SERIAL PRIMARY KEY,
	userName varchar(20) NOT NULL,
	userDob DATE NOT NULL,
	userStatus varchar(10) CHECK(userStatus IN ('root','user')),
	userLogin varchar(255) NOT NULL,
	userPass varchar(255) NOT NULL);

CREATE TABLE IF NOT EXISTS P10_Ability(
	abilityId SERIAL PRIMARY KEY,
	abilityName varchar(50) NOT NULL,
	abilityEffect TEXT NOT NULL);

CREATE TABLE IF NOT EXISTS P10_Resistance(
	resistanceId SERIAL PRIMARY KEY,
	resistanceType varchar(10) CHECK (resistanceType IN ('Incolore', 'Feu', 'Eau', 'Plante', 'Combat', 'Metal', 'Électrique', 'Psy', 'Obscurité', 'Dragon', 'Colorless', 'Fire', 'Water', 'Grass', 'Fighting', 'Metal', 'Lightning', 'Psychic', 'Darkness')),
	resistanceValue varchar(5) CHECK (resistanceValue IN ('/2','-20','-10','-30')));

CREATE TABLE IF NOT EXISTS P10_Weakness(
	weaknessId SERIAL PRIMARY KEY,
	weaknessType varchar(10) CHECK (weaknessType IN ('Incolore', 'Feu', 'Eau', 'Plante', 'Combat', 'Metal', 'Électrique', 'Psy', 'Obscurité', 'Dragon', 'Colorless', 'Fire', 'Water', 'Grass', 'Fighting', 'Metal', 'Lightning', 'Psychic', 'Darkness')),
	weaknessValue varchar(5) CHECK (weaknessValue IN ('×2','+20','+10','+30')));

CREATE TABLE IF NOT EXISTS P10_Attack(
	attackId SERIAL PRIMARY KEY,
	attackName varchar(50) NOT NULL,
	attackCost varchar(50),
	attackDamage varchar(4),
	attackEffect varchar(255));

CREATE TABLE IF NOT EXISTS P10_Card(
	cardId SERIAL PRIMARY KEY,
	cardCategory varchar(50) DEFAULT 'Pokémon' CHECK (cardCategory IN ('Pokémon','Pokemon','Dresseur','Trainer','Énergie','Energy')),
	cardName varchar(50) NOT NULL,
	cardHP INT,
	cardRarity varchar(50) DEFAULT 'Commune' CHECK (cardRarity IN ('Commune','Common','Uncommon','Peu Commune','Rare','Ultra Rare','Secret Rare','Magnifique','Magnifique rare')),
	cardImg varchar(100) NOT NULL,
	cardType varchar(10) CHECK (cardType IN ('Incolore', 'Feu', 'Eau', 'Plante', 'Combat', 'Metal', 'Électrique', 'Psy', 'Obscurité', 'Dragon', 'Colorless', 'Fire', 'Water', 'Grass', 'Fighting', 'Metal', 'Lightning', 'Psychic', 'Darkness')),
	cardExtension TEXT NOT NULL,
	cardRetreat INT,
	cardLang varchar(20) CHECK(cardLang IN ('fr','en')),
	abilityId INT REFERENCES P10_Ability(abilityId),
	resistanceId INT REFERENCES P10_Resistance(resistanceId),
	weaknessId INT REFERENCES P10_Weakness(weaknessId));

CREATE TABLE IF NOT EXISTS P10_Contient(
	cardId INT REFERENCES P10_Card(cardId),
	attackId INT REFERENCES P10_Attack(attackId));

CREATE TABLE IF NOT EXISTS P10_Collection(
	cardId INT REFERENCES P10_Card(cardId),
	userId INT REFERENCES P10_User(userId));


INSERT INTO P10_Ability(abilityName,abilityEffect) VALUES 
	('Maître d’Œuvre','Chaque Énergie Fighting attachée à ce Pokémon lui ajoute 20 PV.'),
	('Blazing Mane','If this Pokémon is your Active Pokémon and is damaged by an opponent’s attack (even if this Pokémon is Knocked Out),the Attacking Pokémon is now Burned.'),
	('Psychoscan','Une seule fois pendant votre tour (avant votre attaque), si ce Pokémon est votre Pokémon Actif, vous pouvez demander à votre adversaire de montrer sa main.'),
	('Victory Star','Once during your turn, after you flip any coins for an attack, you may ignore all effects of those coin flips and begin flipping those coins again. You can’t use more than 1 Victory Star Ability each turn.'),
	('Recherche Plasma','Une seule fois pendant votre tour (avant votre attaque), vous pouvez chercher une carte de la Team Plasma dans votre deck, la montrer et l''ajouter à votre main. Mélangez ensuite votre deck. Vous ne pouvez pas utiliser une capacité spéciale du même nom pendant votre tour.'),
	('Laid-Back','Any damage done to this Pokémon by attacks is reduced by 20 (after applying Weakness and Resistance).'),
	('Débordement','Si le Pokémon de votre adversaire est mis K.O. par les dégâts d’une attaque de ce Pokémon, récupérez 1 carte Récompense supplémentaire.'),
	('Dark Trance','As often as you like during your turn (before your attack), you may move a Darkness Energy attached to 1 of your Pokémon to another of your Pokémon.'),
	('Œil Noir','Une seule fois pendant votre tour (avant votre attaque), si ce Pokémon est votre Pokémon Actif, vous pouvez lancer une pièce. Si c’est face, défaussez une Énergie attachée au Pokémon Actif de votre adversaire.'),
	('Plonge et Pioche','Une seule fois pendant votre tour (avant votre attaque), vous pouvez défausser une carte de votre main. Dans ce cas, piochez 2 cartes.');

INSERT INTO P10_Attack(attackName,attackCost,attackDamage,attackEffect) VALUES 
	('Collect','Grass',null,'Draw 3 cards.'),
	('Coup d''Boule','Incolore','10',null),
	('Blockade','Colorless','10','Your opponent can''t play any Supporter cards from his or her hand during his or her next turn.'),
	('Piqûre Piquante','PlanteIncolore','10','Lancez une pièce. Si c''est face, cette attaque inflige 20 dégâts supplémentaires.'),
	('Double Whip','Colorless','10','Flip 2 coins. This attack does 10 damage times the number of heads.'),
	('Canon Graine','Plante','30',null),
	('Nurturing','Colorless',null,'Choose 1 of your Pokémon. Search your deck for a card that evolves from that Pokémon and put it onto that Pokémon. (This counts as evolving that Pokémon.) Shuffle your deck afterward.'),
	('Creepy Wind','Psychic',null,'Flip a coin. If heads, the Defending Pokémon is now Confused.'),
	('Giga-Sangsue','PlanteIncolore','30','Soignez à ce Pokémon la même quantité de dégâts que vous avez infligée au Pokémon Défenseur.'),
	('Sleep Powder','Grass','10','Flip a coin. If heads, the Defending Pokémon is now Asleep.'),
	('Écras''Montagne','CombatIncoloreIncoloreIncolore','80','Lancez une pièce jusqu''à ce que vous obteniez un côté pile. Pour chaque côté face, défaussez la carte du dessus du deck de votre adversaire.'),
	('Metal Claw','Metal','20',null),
	('Ronge','Incolore','10',null),
	('Double Pioche','Incolore',null,'Piochez 2 cartes.'),
	('Fire Spin','FireFireColorless','100','Flip a coin. If tails, discard 2 Energy attached to this Pokémon.'),
	('Gifles Sans Fin','CombatIncolore','20','Lancez une pièce jusqu''à ce que vous obteniez un côté pile. Cette attaque inflige 20 dégâts multipliés par le nombre de côtés face.'),
	('Flame Charge','Colorless',null,'Search your deck for a Fire Energy card and attach it to this Pokémon. Shuffle your deck afterward.'),
	('Sweet Kiss','Colorless','30','Your opponent draws a card.'),
	('Slash','ColorlessColorlessColorless','60',null),
	('Claque','Psy','30',null),
	('Stun Needle','Lightning','10','Flip a coin. If heads, the Defending Pokémon is now Paralyzed.'),
	('Échange Psychique','Psy',null,'Mélangez votre main avec votre deck. Ensuite, piochez 6 cartes.'),
	('Para-Dard','PlanteIncolore','20','Lancez une pièce. Si c''est face, le Pokémon Défenseur est maintenant Paralysé.'),
	('Fluffy Tag','Colorless',null,'Switch this Pokémon with 1 of your Benched Pokémon. During your next turn, the attacks of that Pokémon do 40 more damage to the Active Pokémon (before applying Weakness and Resistance).'),
	('Piqûre Paralysante','PsyIncolore','20','Lancez une pièce. Si c''est face, le Pokémon Défenseur est maintenant Paralysé.'),
	('Nap','ColorlessColorless',null,'Heal 40 damage from this Pokémon.'),
	('Spiral Drain','Colorless','10','Heal 10 damage from this Pokémon.'),
	('Découragement','IncoloreIncolore','40','Pendant le prochain tour de votre adversaire, tous les dégâts infligés par des attaques du Pokémon Défenseur sont réduits de 20 (avant application de la Faiblesse et de la Résistance).'),
	('Confuse Ray','Colorless',null,'The Defending Pokémon is now Confused.'),
	('Fire Fang','FireColorless','30','The Defending Pokémon is now Burned.'),
	('Amnésie','IncoloreIncoloreIncolore','40','Choisissez 1 des attaques du Pokémon Défenseur. Le Pokémon ciblé ne peut pas utiliser l''attaque choisie pendant le prochain tour de votre adversaire.'),
	('Metal Sound','Metal',null,'Flip a coin. If heads, the Defending Pokémon is now Confused.'),
	('Spinning Turn','Fighting','40','Switch this Pokémon with 1 of your Benched Pokémon.'),
	('Picpic','Incolore','10',null),
	('Stored Power','FireColorless','30','Move all Energy attached to this Pokémon to 1 of your Benched Pokémon.'),
	('Reverse Edge','PsychicMetalColorless','50','Flip a coin. If heads, put a card from your discard pile into your hand.'),
	('Coup de Poing Psy','IncoloreIncolore','30',null),
	('Ascension','Darkness',null,'Search your deck for a card that evolves from this Pokémon and put it onto this Pokémon. (This counts as evolving this Pokémon.) Shuffle your deck afterward.'),
	('Giga Pouvoir','IncoloreIncoloreIncolore','60','Vous pouvez infliger 20 dégâts supplémentaires. Dans ce cas, ce Pokémon s''inflige 20 dégâts.'),
	('Rafale Psy','PsyIncolore','30','Le Pokémon Défenseur est maintenant Confus.'),
	('Headbutt','Colorless','10',null),
	('Lure Poison','Psychic',null,'Flip a coin. If heads, switch 1 of your opponent''s Benched Pokémon with the Defending Pokémon. The new Defending Pokémon is now Poisoned.'),
	('Tornade','ObscuritéIncolore','30',null),
	('Energy Press','MetalColorless','20','Does 20 more damage for each Energy attached to the Defending Pokémon.'),
	('Contrôleur d''Esprit','PsyIncoloreIncoloreIncolore','60','Le Pokémon Défenseur est maintenant Confus.'),
	('Dark Clamp','DarknessColorlessColorless','60','The Defending Pokémon can''t retreat during your opponent''s next turn.'),
	('Roulade','FeuIncolore','20',null),
	('Mud Gun','WaterColorlessColorless','60','If this Pokémon has any Fighting Energy attached to it, this attack does 30 more damage.'),
	('Strido-Son','Incolore',null,'Le Pokémon Défenseur est maintenant Confus.'),
	('Poison Sting','PsychicColorless','20','Flip a coin. If heads, the Defending Pokémon is now Poisoned.'),
	('Succion Empoisonnée','PsyIncoloreIncolore','60','Si le Pokémon Défenseur est Empoisonné, soignez 60 dégâts à ce Pokémon.'),
	('Jump On','Lightning','10','Flip a coin. If heads, this attack does 10 more damage.'),
	('Bourrasque Plasma','IncoloreIncoloreIncoloreIncolore','120','Défaussez une Énergie Plasma attachée à ce Pokémon. Si vous ne pouvez pas défausser une Énergie Plasma, cette attaque ne fait rien.'),
	('Roue d''Énergie','Incolore',null,'Déplacez une Énergie de l''un de vos Pokémon de Banc vers ce Pokémon.'),
	('Double Morsure','IncoloreIncolore','20','Inflige 10 dégâts supplémentaires pour chaque marqueur de dégâts placé sur le Pokémon Défenseur.'),
	('Dragonblast','PsychicDarknessDarknessColorless','140','Discard 2 Darkness Energy attached to this Pokémon.'),
	('Pression Cuirassée','MetalIncolore','40','Pendant le prochain tour de votre adversaire, tous les dégâts infligés à ce Pokémon par des attaques sont réduits de 20 (après application de la Faiblesse et de la Résistance).'),
	('Mania','CombatCombatIncolore','70','Lancez une pièce. Si c''est face, cette attaque inflige 20 dégâts supplémentaires. Si c''est pile, ce Pokémon s''inflige 20 dégâts.'),
	('Retour','Plante','10','Piochez des cartes jusqu''à ce que vous ayez 6 cartes en main.'),
	('Agility','ColorlessColorless','30','Flip a coin. If heads, prevent all effects of attacks, including damage, done to this Pokémon during your opponent''s next turn.'),
	('Appât Lumineux','Incolore',null,'Échangez le Pokémon Défenseur avec 1 des Pokémon de Banc de votre adversaire.'),
	('Tromp','FightingColorless','20','Does 10 damage to each of your opponent''s Benched Pokémon. (Don''t apply Weakness and Resistance for Benched Pokémon.)'),
	('Ailes Gelées','EauIncoloreIncolore','60','Défaussez une Énergie spéciale attachée au Pokémon Défenseur.'),
	('Ordre d''Assaut','Eau','10','Inflige 10 dégâts multipliés par le nombre de Pokémon en jeu (les vôtres et ceux de votre adversaire).'),
	('Dragon Fang','LightningColorlessColorless','60','Flip a coin. If heads, the Defending Pokémon is now Paralyzed.'),
	('Transfer Pain','Psychic',null,'Move 1 damage counter from any of your Pokémon to any of your opponent''s Pokémon.'),
	('Onde Hypnotique','Psy','20','Le Pokémon Défenseur est maintenant Endormi.'),
	('Reniflement','Eau',null,'Pendant votre prochain tour, les dégâts de base de l''attaque Taloche de ce Pokémon sont de 40.'),
	('Double Spin','Colorless','10','Flip 2 coins. This attack does 10 damage times the number of heads.'),
	('Colère','IncoloreIncolore','20','Inflige 10 dégâts supplémentaires pour chaque marqueur de dégâts placé sur ce Pokémon.'),
	('Mud Shot','Water','20',null),
	('Fossil Hunt','Colorless',null,'Put 2 Item cards that have Fossil in their names from your discard pile into your hand.'),
	('Hurlement','Incolore',null,'Votre adversaire échange le Pokémon Défenseur avec 1 de ses Pokémon de Banc.'),
	('Rollout','Colorless','10',null),
	('Premier Contact','Incolore',null,'Cherchez 2 Pokémon de base dans votre deck et placez-les sur votre Banc. Mélangez ensuite votre deck.'),
	('Outrage','ColorlessColorless','20','Does 10 more damage for each damage counter on this Pokémon.'),
	('Déchiquetage','PlantePsyIncolore','90','Les dégâts de cette attaque ne sont affectés par aucun effet en action sur le Pokémon Défenseur.');

INSERT INTO P10_Attack(attackName,attackCost,attackDamage,attackEffect) VALUES 
	('Stadium Drain','GrassColorless','30','If there is any Stadium card in play, this attack does 30 more damage and heal 30 damage from this Pokémon.'),
	('Dracogriffe','FeuEau','20',null),
	('Stomp','GrassColorlessColorless','60','Flip a coin. If heads, this attack does 30 more damage.'),
	('Relaxing Fragrance','Grass',null,'Heal 30 damage and remove all Special Conditions from this Pokémon.'),
	('Combo-Griffe','IncoloreIncoloreIncolore','40','Lancez 3 pièces. Cette attaque inflige 40 dégâts multipliés par le nombre de côtés face.'),
	('X-Scissor','GrassColorless','30','Flip a coin. If heads, this attack does 50 more damage.'),
	('Wind Blast','ColorlessColorlessColorless',null,'This attack does 40 damage to 1 of your opponent''s Benched Pokémon. (Don''t apply Weakness and Resistance for Benched Pokémon.)'),
	('Lame Sainte','PlantePlanteIncolore','100','Ce Pokémon ne peut pas utiliser Lame Sainte pendant votre prochain tour.'),
	('Iron Head','MetalColorlessColorless','50','Flip a coin until you get tails. This attack does 50 damage times the number of heads.'),
	('Coup de Queue','IncoloreIncolore','20',null),
	('Rafale de Feuilles','PlanteIncolore','40','Pendant votre prochain tour, l''attaque Rafale de Feuilles de ce Pokémon inflige 40 dégâts supplémentaires (avant application de la Faiblesse et de la Résistance).'),
	('Enfoncer','CombatCombatIncolore','60',null),
	('Thunder','LightningColorlessColorless','90','Flip a coin. If tails, this Pokémon does 30 damage to itself.'),
	('White Inferno','FireFireWaterColorless','100','Does 10 more damage for each damage counter on this Pokémon.'),
	('Choc Émotionnel','PsyIncoloreIncolore','60','Lancez une pièce. Si c''est face, le Pokémon Défenseur est maintenant Confus. Si c''est pile, défaussez une Énergie attachée au Pokémon Défenseur.'),
	('Épine Renforcée','PlanteIncoloreIncolore','40','Si une carte Outil Pokémon est attachée à ce Pokémon, cette attaque inflige 40 dégâts supplémentaires.'),
	('Stun Spore','Grass','20','Flip a coin. If heads, the Defending Pokémon is now Paralyzed.'),
	('Pound','PsychicColorlessColorless','40',null),
	('Embuscade','EauIncoloreIncolore','60','Lancez une pièce. Si c''est face, cette attaque inflige 30 dégâts supplémentaires.'),
	('Water Gun','WaterColorless','30',null),
	('Grand Flame','FireFireColorless','90','Attach a Fire Energy card from your discard pile to 1 of your Benched Pokémon.'),
	('Tacle Titubant','IncoloreIncoloreIncoloreIncolore','60','Ce Pokémon et le Pokémon Défenseur sont maintenant Endormis.'),
	('Swift','ColorlessColorlessColorless','70','This attack''s damage isn''t affected by Weakness, Resistance, or any other effects on the Defending Pokémon.'),
	('Wreck','FightingFightingColorlessColorless','80','If there is any Stadium card in play, this attack does 60 more damage. Discard that Stadium card.'),
	('Cru-Aile','ObscuritéIncolore','20',null),
	('Fast Forward','ColorlessColorlessColorlessColorless','90','For each Plasma Energy attached to this Pokémon, discard the top card of your opponent''s deck.'),
	('Rayon Désintégrateur','PsyIncoloreIncolore','50','Lancez une pièce. Si c''est face, défaussez une Énergie attachée au Pokémon Défenseur.'),
	('Scratch','ColorlessColorless','20',null),
	('Marteau Rageur','IncoloreIncoloreIncoloreIncolore','50','Inflige 10 dégâts supplémentaires pour chaque marqueur de dégâts placé sur ce Pokémon.'),
	('Extrasenseur','PsyIncoloreIncolore','60','Si vous avez le même nombre de cartes dans votre main que votre adversaire, cette attaque inflige 60 dégâts supplémentaires.'),
	('Calm Mind','Psychic',null,'Heal 30 damage from this Pokémon.'),
	('Attaque Imprudente','CombatIncolore','30','Ce Pokémon s''inflige 10 dégâts.'),
	('Sludge Toss','PsychicColorlessColorless','30',null),
	('Coupe Double','ObscuritéIncoloreIncoloreIncolore','80','Lancez 2 pièces. Cette attaque inflige 80 dégâts multipliés par le nombre de côtés face.'),
	('Iron Breaker','MetalMetalColorless','80','The Defending Pokémon can''t attack during your opponent''s next turn.'),
	('Bombast','DarknessDarknessColorlessColorless','40','Does 40 damage times the number of Prize cards you have taken.'),
	('Souffle-Feu','FeuIncoloreIncolore','40','Lancez une pièce. Si c''est face, cette attaque inflige 20 dégâts supplémentaires.'),
	('Boule Élek','ÉlectriqueIncolore','30',null),
	('Flot de Vase','PsyPsyIncoloreIncolore','80','Lancez une pièce jusqu''à ce que vous obteniez un côté pile. Pour chaque côté face, défaussez une Énergie attachée au Pokémon Défenseur.'),
	('Static Shock','LightningColorless','20',null),
	('Vent Violent','IncoloreIncoloreIncolore','80','Déplacez une Énergie de base de ce Pokémon vers 1 de vos Pokémon de Banc.'),
	('Balayage','IncoloreIncoloreIncolore','60',null),
	('Double Baffe','CombatMetalIncolore','90','Lancez 2 pièces. Cette attaque inflige 90 dégâts multipliés par le nombre de côtés face.'),
	('Blazing Claws','DarknessColorlessColorless','60','If the Defending Pokémon is a Team Plasma Pokémon, this attack does 60 more damage, and the Defending Pokémon is now Burned.'),
	('Pression Énergétique','PlanteIncolore','20','Inflige 20 dégâts supplémentaires pour chaque Énergie attachée au Pokémon Défenseur.'),
	('Cutting Wind','ColorlessColorlessColorless','70',null),
	('Feu Follet','PsyIncolore','30',null),
	('Giant Claw','FightingFightingColorless','80','If the Defending Pokémon already has 2 or more damage counters on it, this attack does 40 more damage.'),
	('Tempêtegrêle','EauEauIncoloreIncolore','120','Ce Pokémon ne peut pas utiliser Tempêtegrêle pendant votre prochain tour.'),
	('Freeze Shock','WaterLightningLightningColorless','150','This Pokémon can''t attack during your next turn.'),
	('Bataille','IncoloreIncolore','20',null),
	('Dévorêve','PsyPsy','90','Si le Pokémon Défenseur n’est pas Endormi, cette attaque ne fait rien.'),
	('Wild Charge','LightningColorlessColorless','60','This Pokémon does 10 damage to itself.'),
	('Taloche','EauIncolore','20',null),
	('Flamme Bleue','FeuFeuIncolore','120','Défaussez 2 Énergies Fire attachées à ce Pokémon.'),
	('Round','ColorlessColorlessColorless','20','Does 20 damage times the number of your Pokémon that have the Round attack.'),
	('Coup d''Boule','PsyIncolore','20',null),
	('Bolt Strike','LightningLightningColorless','120','This Pokémon does 40 damage to itself.'),
	('Dracochoc','PlantePsyIncoloreIncolore','130','Défaussez les 3 cartes du dessus de votre deck.');

INSERT INTO P10_Resistance(resistanceType,resistanceValue) VALUES 
	('Water','-20'),
	('Eau','-20'),
	('Psychic','-20'),
	('Fighting','-20'),
	('Lightning','-20'),
	('Combat','-20'),
	('Électrique','-20'),
	('Psy','-20');

INSERT INTO P10_Weakness(weaknessType,weaknessValue) VALUES 
	('Feu','×2'),
	('Fire','×2'),
	('Dragon','×2'),
	('Combat','×2'),
	('Darkness','×2'),
	('Psy','×2'),
	('Water','×2'),
	('Fighting','×2'),
	('Lightning','×2'),
	('Metal','×2'),
	('Électrique','×2'),
	('Psychic','×2'),
	('Plante','×2'),
	('Eau','×2'),
	('Grass','×2'),
	('Obscurité','×2');

INSERT INTO P10_Card(cardCategory,cardName,cardHP,cardRarity,cardImg,cardType,cardExtension,cardRetreat,cardLang,abilityId,resistanceId,weaknessId) VALUES
	('Pokémon','Crabaraque','110','Peu Commune','https://assets.tcgdex.net/fr/bw/bw5/8/high.webp','Plante','Explorateurs Obscurs',3,'fr',null,(SELECT weaknessId FROM P10_Weakness WHERE weaknessType = 'Feu' AND weaknessValue = '×2'),null),
	('Pokemon','Simisage','90','Rare','https://assets.tcgdex.net/en/bw/bw4/7/high.webp','Grass','Next Destinies',2,'en',null,(SELECT weaknessId FROM P10_Weakness WHERE weaknessType = 'Fire' AND weaknessValue = '×2'),(SELECT resistanceId FROM P10_Resistance WHERE resistanceType = 'Water' AND resistanceValue = '-20')),
	('Pokémon','Draby','50','Rare','https://assets.tcgdex.net/fr/bw/dv1/6/high.webp','Dragon','Coffre des Dragons',1,'fr',null,(SELECT weaknessId FROM P10_Weakness WHERE weaknessType = 'Dragon' AND weaknessValue = '×2'),null),
	('Pokemon','Exeggutor','100','Rare','https://assets.tcgdex.net/en/bw/bw9/5/high.webp','Grass','Plasma Freeze',2,'en',null,(SELECT weaknessId FROM P10_Weakness WHERE weaknessType = 'Fire' AND weaknessValue = '×2'),(SELECT resistanceId FROM P10_Resistance WHERE resistanceType = 'Water' AND resistanceValue = '-20')),
	('Pokémon','Rosélia','70','Commune','https://assets.tcgdex.net/fr/bw/bw6/13/high.webp','Plante','Dragons Éxaltés',1,'fr',null,(SELECT weaknessId FROM P10_Weakness WHERE weaknessType = 'Feu' AND weaknessValue = '×2'),(SELECT resistanceId FROM P10_Resistance WHERE resistanceType = 'Eau' AND resistanceValue = '-20')),
	('Pokemon','Roselia','70','Uncommon','https://assets.tcgdex.net/en/bw/bw6/12/high.webp','Grass','Dragons Exalted',1,'en',null,(SELECT weaknessId FROM P10_Weakness WHERE weaknessType = 'Fire' AND weaknessValue = '×2'),(SELECT resistanceId FROM P10_Resistance WHERE resistanceType = 'Water' AND resistanceValue = '-20')),
	('Pokémon','Feuiloutan','90','Peu Commune','https://assets.tcgdex.net/fr/bw/bw1/8/high.webp','Plante','Noir & Blanc',2,'fr',null,(SELECT weaknessId FROM P10_Weakness WHERE weaknessType = 'Feu' AND weaknessValue = '×2'),(SELECT resistanceId FROM P10_Resistance WHERE resistanceType = 'Eau' AND resistanceValue = '-20')),
	('Pokemon','Leavanny','130','Rare','https://assets.tcgdex.net/en/bw/bw2/7/high.webp','Grass','Emerging Powers',1,'en',null,(SELECT weaknessId FROM P10_Weakness WHERE weaknessType = 'Fire' AND weaknessValue = '×2'),null),
	('Pokémon','Raikou-EX','170','Rare','https://assets.tcgdex.net/fr/bw/bw5/38/high.webp','Électrique','Explorateurs Obscurs',1,'fr',null,(SELECT weaknessId FROM P10_Weakness WHERE weaknessType = 'Combat' AND weaknessValue = '×2'),null),
	('Pokemon','Drifloon','70','Common','https://assets.tcgdex.net/en/bw/bw10/34/high.webp','Psychic','Plasma Blast',2,'en',null,(SELECT weaknessId FROM P10_Weakness WHERE weaknessType = 'Darkness' AND weaknessValue = '×2'),null),
	('Pokémon','Viridium','100','Rare','https://assets.tcgdex.net/fr/bw/bw2/17/high.webp','Plante','Pouvoirs Émergents',1,'fr',null,(SELECT weaknessId FROM P10_Weakness WHERE weaknessType = 'Feu' AND weaknessValue = '×2'),(SELECT resistanceId FROM P10_Resistance WHERE resistanceType = 'Eau' AND resistanceValue = '-20')),
	('Pokemon','Petilil','50','Uncommon','https://assets.tcgdex.net/en/bw/bw7/16/high.webp','Grass','Boundaries Crossed',1,'en',null,(SELECT weaknessId FROM P10_Weakness WHERE weaknessType = 'Fire' AND weaknessValue = '×2'),(SELECT resistanceId FROM P10_Resistance WHERE resistanceType = 'Water' AND resistanceValue = '-20')),
	('Pokémon','Bétochef','140','Rare','https://assets.tcgdex.net/fr/bw/bw3/64/high.webp','Combat','Nobles Victoires',4,'fr',(SELECT abilityId FROM P10_Ability WHERE abilityName = 'Maître d’Œuvre' AND abilityEffect = 'Chaque Énergie Fighting attachée à ce Pokémon lui ajoute 20 PV.'),(SELECT weaknessId FROM P10_Weakness WHERE weaknessType = 'Psy' AND weaknessValue = '×2'),null),
	('Pokemon','Lairon','90','Uncommon','https://assets.tcgdex.net/en/bw/bw10/58/high.webp','Metal','Plasma Blast',4,'en',null,(SELECT weaknessId FROM P10_Weakness WHERE weaknessType = 'Fire' AND weaknessValue = '×2'),(SELECT resistanceId FROM P10_Resistance WHERE resistanceType = 'Psychic' AND resistanceValue = '-20')),
	('Pokémon','Chinchidou','50','Commune','https://assets.tcgdex.net/fr/bw/bwp/BW13/high.webp','Incolore','Promo BW',1,'fr',null,(SELECT weaknessId FROM P10_Weakness WHERE weaknessType = 'Combat' AND weaknessValue = '×2'),null),
	('Trainer','Energy Switch',null,'Uncommon','https://assets.tcgdex.net/en/bw/bw11/112/high.webp',null,'Legendary Treasures',null,'en',null,null,null),
	('Pokémon','Viridium','110','Rare','https://assets.tcgdex.net/fr/bw/bw3/13/high.webp','Plante','Nobles Victoires',1,'fr',null,(SELECT weaknessId FROM P10_Weakness WHERE weaknessType = 'Feu' AND weaknessValue = '×2'),(SELECT resistanceId FROM P10_Resistance WHERE resistanceType = 'Eau' AND resistanceValue = '-20')),
	('Pokemon','Arcanine','130','Rare','https://assets.tcgdex.net/en/bw/bw4/12/high.webp','Fire','Next Destinies',3,'en',(SELECT abilityId FROM P10_Ability WHERE abilityName = 'Blazing Mane' AND abilityEffect = 'If this Pokémon is your Active Pokémon and is damaged by an opponent’s attack (even if this Pokémon is Knocked Out),the Attacking Pokémon is now Burned.'),(SELECT weaknessId FROM P10_Weakness WHERE weaknessType = 'Water' AND weaknessValue = '×2'),null),
	('Pokémon','Makuhita','80','Commune','https://assets.tcgdex.net/fr/bw/bw9/62/high.webp','Combat','Glaciation Plasma',3,'fr',null,(SELECT weaknessId FROM P10_Weakness WHERE weaknessType = 'Psy' AND weaknessValue = '×2'),null),
	('Pokemon','Zebstrika','100','Rare','https://assets.tcgdex.net/en/bw/bw7/57/high.webp','Lightning','Boundaries Crossed',1,'en',null,(SELECT weaknessId FROM P10_Weakness WHERE weaknessType = 'Fighting' AND weaknessValue = '×2'),null),
	('Dresseur','Frégate Plasma',null,'Peu Commune','https://assets.tcgdex.net/fr/bw/bw8/124/high.webp',null,'Tempète Plasma',null,'fr',(SELECT abilityId FROM P10_Ability WHERE abilityEffect = 'Chacun des Pokémon auquel de l’Énergie Plasma est attachée (les vôtres et ceux de votre adversaire) n’a pas de Faiblesse.'),null,null),
	('Pokemon','Togetic','80','Uncommon','https://assets.tcgdex.net/en/bw/bw8/103/high.webp','Colorless','Plasma Storm',1,'en',null,(SELECT weaknessId FROM P10_Weakness WHERE weaknessType = 'Lightning' AND weaknessValue = '×2'),(SELECT resistanceId FROM P10_Resistance WHERE resistanceType = 'Fighting' AND resistanceValue = '-20')),
	('Énergie','Énergie Psy',null,'Commune','https://assets.tcgdex.net/fr/bw/bw1/109/high.webp',null,'Noir & Blanc',null,'fr',null,null,null),
	('Pokemon','White Kyurem-EX','180','Rare','https://assets.tcgdex.net/en/bw/bw8/96/high.webp','Dragon','Plasma Storm',3,'en',null,(SELECT weaknessId FROM P10_Weakness WHERE weaknessType = 'Dragon' AND weaknessValue = '×2'),null),
	('Pokémon','Sidérella','120','Rare','https://assets.tcgdex.net/fr/bw/bw2/48/high.webp','Psy','Pouvoirs Émergents',1,'fr',null,(SELECT weaknessId FROM P10_Weakness WHERE weaknessType = 'Psy' AND weaknessValue = '×2'),null),
	('Pokemon','Joltik','40','Common','https://assets.tcgdex.net/en/bw/bw1/44/high.webp','Lightning','Black & White',1,'en',null,(SELECT weaknessId FROM P10_Weakness WHERE weaknessType = 'Fighting' AND weaknessValue = '×2'),null),
	('Pokémon','Mew','60','Commune','https://assets.tcgdex.net/fr/bw/bwp/BW98/high.webp','Psy','Promo BW',1,'fr',(SELECT abilityId FROM P10_Ability WHERE abilityName = 'Psychoscan' AND abilityEffect = 'Une seule fois pendant votre tour (avant votre attaque), si ce Pokémon est votre Pokémon Actif, vous pouvez demander à votre adversaire de montrer sa main.'),(SELECT weaknessId FROM P10_Weakness WHERE weaknessType = 'Psy' AND weaknessValue = '×2'),null),
	('Trainer','Computer Search',null,'Rare','https://assets.tcgdex.net/en/bw/bw7/137/high.webp',null,'Boundaries Crossed',null,'en',null,null,null),
	('Pokémon','Maracachi','90','Peu Commune','https://assets.tcgdex.net/fr/bw/bw6/16/high.webp','Plante','Dragons Éxaltés',2,'fr',null,(SELECT weaknessId FROM P10_Weakness WHERE weaknessType = 'Feu' AND weaknessValue = '×2'),(SELECT resistanceId FROM P10_Resistance WHERE resistanceType = 'Eau' AND resistanceValue = '-20')),
	('Pokemon','Whimsicott','80','Rare','https://assets.tcgdex.net/en/bw/bw7/15/high.webp','Grass','Boundaries Crossed',1,'en',null,(SELECT weaknessId FROM P10_Weakness WHERE weaknessType = 'Fire' AND weaknessValue = '×2'),(SELECT resistanceId FROM P10_Resistance WHERE resistanceType = 'Water' AND resistanceValue = '-20')),
	('Pokémon','Cradopaud','60','Commune','https://assets.tcgdex.net/fr/bw/bw7/64/high.webp','Psy','Frontières Franchies',1,'fr',null,(SELECT weaknessId FROM P10_Weakness WHERE weaknessType = 'Psy' AND weaknessValue = '×2'),null),
	('Pokemon','Golett','90','Common','https://assets.tcgdex.net/en/bw/bw6/58/high.webp','Psychic','Dragons Exalted',3,'en',null,(SELECT weaknessId FROM P10_Weakness WHERE weaknessType = 'Darkness' AND weaknessValue = '×2'),null),
	('Pokémon','Charpenti','60','Commune','https://assets.tcgdex.net/fr/bw/bw5/58/high.webp','Combat','Explorateurs Obscurs',1,'fr',null,(SELECT weaknessId FROM P10_Weakness WHERE weaknessType = 'Psy' AND weaknessValue = '×2'),null),
	('Pokemon','Zubat','50','Common','https://assets.tcgdex.net/en/bw/bw8/52/high.webp','Psychic','Plasma Storm',1,'en',null,(SELECT weaknessId FROM P10_Weakness WHERE weaknessType = 'Lightning' AND weaknessValue = '×2'),(SELECT resistanceId FROM P10_Resistance WHERE resistanceType = 'Fighting' AND resistanceValue = '-20')),
	('Pokémon','Polagriffe','120','Rare','https://assets.tcgdex.net/fr/bw/bw4/37/high.webp','Eau','Destinées Futures',3,'fr',null,(SELECT weaknessId FROM P10_Weakness WHERE weaknessType = 'Metal' AND weaknessValue = '×2'),null),
	('Pokemon','Golduck','80','Uncommon','https://assets.tcgdex.net/en/bw/bw7/34/high.webp','Water','Boundaries Crossed',0,'en',null,(SELECT weaknessId FROM P10_Weakness WHERE weaknessType = 'Lightning' AND weaknessValue = '×2'),null),
	('Dresseur','Évoluroc',null,'Peu Commune','https://assets.tcgdex.net/fr/bw/bw8/122/high.webp',null,'Tempète Plasma',null,'fr',(SELECT abilityId FROM P10_Ability WHERE abilityEffect = 'Si le Pokémon auquel cette carte est attachée est un Pokémon de base, tous les dégâts infligés à ce Pokémon par des attaques sont réduits de 20 (après application de la Faiblesse et de la Résistance).'),null,null),
	('Pokemon','Entei-EX','180','Ultra Rare','https://assets.tcgdex.net/en/bw/bw5/103/high.webp','Fire','Dark Explorers',3,'en',null,(SELECT weaknessId FROM P10_Weakness WHERE weaknessType = 'Water' AND weaknessValue = '×2'),null),
	('Pokémon','Castorno','100','Peu Commune','https://assets.tcgdex.net/fr/bw/bw6/107/high.webp','Incolore','Dragons Éxaltés',2,'fr',null,(SELECT weaknessId FROM P10_Weakness WHERE weaknessType = 'Combat' AND weaknessValue = '×2'),null),
	('Pokemon','Skarmory','100','Uncommon','https://assets.tcgdex.net/en/bw/bw7/96/high.webp','Metal','Boundaries Crossed',2,'en',null,(SELECT weaknessId FROM P10_Weakness WHERE weaknessType = 'Fire' AND weaknessValue = '×2'),(SELECT resistanceId FROM P10_Resistance WHERE resistanceType = 'Psychic' AND resistanceValue = '-20')),
	('Pokémon','Leveinard','100','Commune','https://assets.tcgdex.net/fr/bw/bw5/80/high.webp','Incolore','Explorateurs Obscurs',3,'fr',null,(SELECT weaknessId FROM P10_Weakness WHERE weaknessType = 'Combat' AND weaknessValue = '×2'),null),
	('Pokemon','Donphan','130','Uncommon','https://assets.tcgdex.net/en/bw/bw8/72/high.webp','Fighting','Plasma Storm',4,'en',null,(SELECT weaknessId FROM P10_Weakness WHERE weaknessType = 'Water' AND weaknessValue = '×2'),(SELECT resistanceId FROM P10_Resistance WHERE resistanceType = 'Lightning' AND resistanceValue = '-20')),
	('Pokémon','Nirondelle','50','Commune','https://assets.tcgdex.net/fr/bw/bw7/112/high.webp','Incolore','Frontières Franchies',1,'fr',null,(SELECT weaknessId FROM P10_Weakness WHERE weaknessType = 'Électrique' AND weaknessValue = '×2'),(SELECT resistanceId FROM P10_Resistance WHERE resistanceType = 'Combat' AND resistanceValue = '-20')),
	('Pokemon','Victini','60','Ultra Rare','https://assets.tcgdex.net/en/bw/bw3/98/high.webp','Fire','Noble Victories',1,'en',(SELECT abilityId FROM P10_Ability WHERE abilityName = 'Victory Star' AND abilityEffect = 'Once during your turn, after you flip any coins for an attack, you may ignore all effects of those coin flips and begin flipping those coins again. You can’t use more than 1 Victory Star Ability each turn.'),(SELECT weaknessId FROM P10_Weakness WHERE weaknessType = 'Water' AND weaknessValue = '×2'),null),
	('Pokémon','Cornèbre','70','Commune','https://assets.tcgdex.net/fr/bw/bw6/72/high.webp','Obscurité','Dragons Éxaltés',1,'fr',null,(SELECT weaknessId FROM P10_Weakness WHERE weaknessType = 'Électrique' AND weaknessValue = '×2'),(SELECT resistanceId FROM P10_Resistance WHERE resistanceType = 'Combat' AND resistanceValue = '-20')),
	('Pokemon','Dialga-EX','180','Rare','https://assets.tcgdex.net/en/bw/bw10/65/high.webp','Dragon','Plasma Blast',2,'en',null,(SELECT weaknessId FROM P10_Weakness WHERE weaknessType = 'Dragon' AND weaknessValue = '×2'),null),
	('Pokémon','Mesmérella','80','Peu Commune','https://assets.tcgdex.net/fr/bw/bw7/76/high.webp','Psy','Frontières Franchies',1,'fr',null,(SELECT weaknessId FROM P10_Weakness WHERE weaknessType = 'Psy' AND weaknessValue = '×2'),null),
	('Pokemon','Zorua','50','Common','https://assets.tcgdex.net/en/bw/bw5/69/high.webp','Darkness','Dark Explorers',1,'en',null,(SELECT weaknessId FROM P10_Weakness WHERE weaknessType = 'Fighting' AND weaknessValue = '×2'),(SELECT resistanceId FROM P10_Resistance WHERE resistanceType = 'Psychic' AND resistanceValue = '-20')),
	('Pokémon','Regigigas-EX','180','Ultra Rare','https://assets.tcgdex.net/fr/bw/bw4/99/high.webp','Incolore','Destinées Futures',4,'fr',null,(SELECT weaknessId FROM P10_Weakness WHERE weaknessType = 'Combat' AND weaknessValue = '×2'),null),
	('Trainer','Bianca',null,'Uncommon','https://assets.tcgdex.net/en/bw/bw2/90/high.webp',null,'Emerging Powers',null,'en',null,null,null),
	('Pokémon','Groret','110','Rare','https://assets.tcgdex.net/fr/bw/bw7/60/high.webp','Psy','Frontières Franchies',2,'fr',null,(SELECT weaknessId FROM P10_Weakness WHERE weaknessType = 'Psy' AND weaknessValue = '×2'),null),
	('Pokemon','Elgyem','60','Common','https://assets.tcgdex.net/en/bw/bw3/54/high.webp','Psychic','Noble Victories',1,'en',null,(SELECT weaknessId FROM P10_Weakness WHERE weaknessType = 'Psychic' AND weaknessValue = '×2'),null),
	('Pokémon','Nodulithe','60','Commune','https://assets.tcgdex.net/fr/bw/bw2/50/high.webp','Combat','Pouvoirs Émergents',2,'fr',null,(SELECT weaknessId FROM P10_Weakness WHERE weaknessType = 'Plante' AND weaknessValue = '×2'),null),
	('Pokemon','Grimer','70','Common','https://assets.tcgdex.net/en/bw/bw9/45/high.webp','Psychic','Plasma Freeze',2,'en',null,(SELECT weaknessId FROM P10_Weakness WHERE weaknessType = 'Psychic' AND weaknessValue = '×2'),null),
	('Pokémon','Vaututrice','90','Peu Commune','https://assets.tcgdex.net/fr/bw/bw7/93/high.webp','Obscurité','Frontières Franchies',1,'fr',null,(SELECT weaknessId FROM P10_Weakness WHERE weaknessType = 'Électrique' AND weaknessValue = '×2'),(SELECT resistanceId FROM P10_Resistance WHERE resistanceType = 'Combat' AND resistanceValue = '-20')),
	('Pokemon','Cobalion','120','Rare','https://assets.tcgdex.net/en/bw/bw3/84/high.webp','Metal','Noble Victories',2,'en',null,(SELECT weaknessId FROM P10_Weakness WHERE weaknessType = 'Fire' AND weaknessValue = '×2'),(SELECT resistanceId FROM P10_Resistance WHERE resistanceType = 'Psychic' AND resistanceValue = '-20')),
	('Pokémon','Metalosse','140','Rare','https://assets.tcgdex.net/fr/bw/bwp/BW75/high.webp','Psy','Promo BW',2,'fr',(SELECT abilityId FROM P10_Ability WHERE abilityName = 'Recherche Plasma' AND abilityEffect = 'Une seule fois pendant votre tour (avant votre attaque), vous pouvez chercher une carte de la Team Plasma dans votre deck, la montrer et l''ajouter à votre main. Mélangez ensuite votre deck. Vous ne pouvez pas utiliser une capacité spéciale du même nom pendant votre tour.'),(SELECT weaknessId FROM P10_Weakness WHERE weaknessType = 'Psy' AND weaknessValue = '×2'),null),
	('Pokemon','Krookodile','150','Secret Rare','https://assets.tcgdex.net/en/bw/bw6/127/high.webp','Darkness','Dragons Exalted',3,'en',null,(SELECT weaknessId FROM P10_Weakness WHERE weaknessType = 'Fighting' AND weaknessValue = '×2'),(SELECT resistanceId FROM P10_Resistance WHERE resistanceType = 'Psychic' AND resistanceValue = '-20')),
	('Pokémon','Grotichon','90','Peu Commune','https://assets.tcgdex.net/fr/bw/bw7/25/high.webp','Feu','Frontières Franchies',2,'fr',null,(SELECT weaknessId FROM P10_Weakness WHERE weaknessType = 'Eau' AND weaknessValue = '×2'),null),
	('Pokemon','Quagsire','100','Rare','https://assets.tcgdex.net/en/bw/bw9/22/high.webp','Water','Plasma Freeze',3,'en',(SELECT abilityId FROM P10_Ability WHERE abilityName = 'Laid-Back' AND abilityEffect = 'Any damage done to this Pokémon by attacks is reduced by 20 (after applying Weakness and Resistance).'),(SELECT weaknessId FROM P10_Weakness WHERE weaknessType = 'Grass' AND weaknessValue = '×2'),null),
	('Pokémon','Magnéton','80','Peu Commune','https://assets.tcgdex.net/fr/bw/bw8/44/high.webp','Électrique','Tempète Plasma',2,'fr',null,(SELECT weaknessId FROM P10_Weakness WHERE weaknessType = 'Combat' AND weaknessValue = '×2'),null),
	('Pokemon','Nidoran♀','60','Common','https://assets.tcgdex.net/en/bw/bw9/40/high.webp','Psychic','Plasma Freeze',1,'en',null,(SELECT weaknessId FROM P10_Weakness WHERE weaknessType = 'Psychic' AND weaknessValue = '×2'),null),
	('Pokémon','Grotadmorv','100','Rare','https://assets.tcgdex.net/fr/bw/bw9/46/high.webp','Psy','Glaciation Plasma',3,'fr',null,(SELECT weaknessId FROM P10_Weakness WHERE weaknessType = 'Psy' AND weaknessValue = '×2'),null),
	('Pokemon','Shinx','60','Common','https://assets.tcgdex.net/en/bw/bw4/42/high.webp','Lightning','Next Destinies',1,'en',null,(SELECT weaknessId FROM P10_Weakness WHERE weaknessType = 'Fighting' AND weaknessValue = '×2'),null),
	('Pokémon','Lugia-EX','180','Ultra Rare','https://assets.tcgdex.net/fr/bw/bw8/134/high.webp','Incolore','Tempète Plasma',2,'fr',(SELECT abilityId FROM P10_Ability WHERE abilityName = 'Débordement' AND abilityEffect = 'Si le Pokémon de votre adversaire est mis K.O. par les dégâts d’une attaque de ce Pokémon, récupérez 1 carte Récompense supplémentaire.'),(SELECT weaknessId FROM P10_Weakness WHERE weaknessType = 'Électrique' AND weaknessValue = '×2'),(SELECT resistanceId FROM P10_Resistance WHERE resistanceType = 'Combat' AND resistanceValue = '-20')),
	('Energy','Water Energy',null,'Common','https://assets.tcgdex.net/en/bw/bw1/107/high.webp',null,'Black & White',null,'en',null,null,null),
	('Pokémon','Boréas','110','Ultra Rare','https://assets.tcgdex.net/fr/bw/bw2/98/high.webp','Incolore','Pouvoirs Émergents',1,'fr',null,(SELECT weaknessId FROM P10_Weakness WHERE weaknessType = 'Électrique' AND weaknessValue = '×2'),(SELECT resistanceId FROM P10_Resistance WHERE resistanceType = 'Combat' AND resistanceValue = '-20')),
	('Pokemon','Zorua','50','Common','https://assets.tcgdex.net/en/bw/bw11/89/high.webp','Darkness','Legendary Treasures',1,'en',null,(SELECT weaknessId FROM P10_Weakness WHERE weaknessType = 'Fighting' AND weaknessValue = '×2'),(SELECT resistanceId FROM P10_Resistance WHERE resistanceType = 'Psychic' AND resistanceValue = '-20')),
	('Pokémon','Miradar','90','Rare','https://assets.tcgdex.net/fr/bw/bw8/113/high.webp','Incolore','Tempète Plasma',1,'fr',null,(SELECT weaknessId FROM P10_Weakness WHERE weaknessType = 'Combat' AND weaknessValue = '×2'),null),
	('Pokemon','Hydreigon','150','Rare','https://assets.tcgdex.net/en/bw/bw11/99/high.webp','Dragon','Legendary Treasures',3,'en',(SELECT abilityId FROM P10_Ability WHERE abilityName = 'Dark Trance' AND abilityEffect = 'As often as you like during your turn (before your attack), you may move a Darkness Energy attached to 1 of your Pokémon to another of your Pokémon.'),(SELECT weaknessId FROM P10_Weakness WHERE weaknessType = 'Dragon' AND weaknessValue = '×2'),null),
	('Pokémon','Tranchodon','140','Commune','https://assets.tcgdex.net/fr/bw/bwp/BW57/high.webp','Dragon','Promo BW',3,'fr',null,(SELECT weaknessId FROM P10_Weakness WHERE weaknessType = 'Dragon' AND weaknessValue = '×2'),null),
	('Trainer','Ether',null,'Uncommon','https://assets.tcgdex.net/en/bw/bw8/121/high.webp',null,'Plasma Storm',null,'en',null,null,null),
	('Pokémon','Crocorible','140','Rare','https://assets.tcgdex.net/fr/bw/bw2/62/high.webp','Combat','Pouvoirs Émergents',3,'fr',(SELECT abilityId FROM P10_Ability WHERE abilityName = 'Œil Noir' AND abilityEffect = 'Une seule fois pendant votre tour (avant votre attaque), si ce Pokémon est votre Pokémon Actif, vous pouvez lancer une pièce. Si c’est face, défaussez une Énergie attachée au Pokémon Actif de votre adversaire.'),(SELECT weaknessId FROM P10_Weakness WHERE weaknessType = 'Eau' AND weaknessValue = '×2'),(SELECT resistanceId FROM P10_Resistance WHERE resistanceType = 'Électrique' AND resistanceValue = '-20')),
	('Pokemon','Houndoom','100','Rare','https://assets.tcgdex.net/en/bw/bw10/56/high.webp','Darkness','Plasma Blast',1,'en',null,(SELECT weaknessId FROM P10_Weakness WHERE weaknessType = 'Fighting' AND weaknessValue = '×2'),(SELECT resistanceId FROM P10_Resistance WHERE resistanceType = 'Psychic' AND resistanceValue = '-20')),
	('Pokémon','Tropius','100','Peu Commune','https://assets.tcgdex.net/fr/bw/bw10/5/high.webp','Plante','Explosion Plasma',1,'fr',null,(SELECT weaknessId FROM P10_Weakness WHERE weaknessType = 'Électrique' AND weaknessValue = '×2'),(SELECT resistanceId FROM P10_Resistance WHERE resistanceType = 'Combat' AND resistanceValue = '-20')),
	('Pokemon','Yanmega','100','Rare','https://assets.tcgdex.net/en/bw/bw6/5/high.webp','Grass','Dragons Exalted',0,'en',null,(SELECT weaknessId FROM P10_Weakness WHERE weaknessType = 'Lightning' AND weaknessValue = '×2'),(SELECT resistanceId FROM P10_Resistance WHERE resistanceType = 'Fighting' AND resistanceValue = '-20')),
	('Pokémon','Mélancolux','80','Peu Commune','https://assets.tcgdex.net/fr/bw/bw3/59/high.webp','Psy','Nobles Victoires',1,'fr',null,(SELECT weaknessId FROM P10_Weakness WHERE weaknessType = 'Obscurité' AND weaknessValue = '×2'),null),
	('Pokemon','Groudon-EX','180','Rare','https://assets.tcgdex.net/en/bw/bw5/54/high.webp','Fighting','Dark Explorers',4,'en',null,(SELECT weaknessId FROM P10_Weakness WHERE weaknessType = 'Water' AND weaknessValue = '×2'),(SELECT resistanceId FROM P10_Resistance WHERE resistanceType = 'Lightning' AND resistanceValue = '-20')),
	('Pokémon','Kyurem-EX','180','Ultra Rare','https://assets.tcgdex.net/fr/bw/bw4/96/high.webp','Eau','Destinées Futures',3,'fr',null,(SELECT weaknessId FROM P10_Weakness WHERE weaknessType = 'Metal' AND weaknessValue = '×2'),null),
	('Trainer','Root Fossil Lileep',null,'Uncommon','https://assets.tcgdex.net/en/bw/bw10/87/high.webp',null,'Plasma Blast',null,'en',null,null,null),
	('Pokémon','Pingoléon','140','Magnifique rare','https://assets.tcgdex.net/fr/bw/bw9/117/high.webp','Eau','Glaciation Plasma',2,'fr',(SELECT abilityId FROM P10_Ability WHERE abilityName = 'Plonge et Pioche' AND abilityEffect = 'Une seule fois pendant votre tour (avant votre attaque), vous pouvez défausser une carte de votre main. Dans ce cas, piochez 2 cartes.'),(SELECT weaknessId FROM P10_Weakness WHERE weaknessType = 'Électrique' AND weaknessValue = '×2'),null),
	('Pokemon','Black Kyurem-EX','180','Rare','https://assets.tcgdex.net/en/bw/bw7/101/high.webp','Dragon','Boundaries Crossed',3,'en',null,(SELECT weaknessId FROM P10_Weakness WHERE weaknessType = 'Dragon' AND weaknessValue = '×2'),null),
	('Pokémon','Osselait','70','Commune','https://assets.tcgdex.net/fr/bw/bw6/60/high.webp','Combat','Dragons Éxaltés',1,'fr',null,(SELECT weaknessId FROM P10_Weakness WHERE weaknessType = 'Eau' AND weaknessValue = '×2'),(SELECT resistanceId FROM P10_Resistance WHERE resistanceType = 'Électrique' AND resistanceValue = '-20')),
	('Pokemon','Yamask','50','Common','https://assets.tcgdex.net/en/bw/bw9/54/high.webp','Psychic','Plasma Freeze',2,'en',null,(SELECT weaknessId FROM P10_Weakness WHERE weaknessType = 'Darkness' AND weaknessValue = '×2'),null),
	('Pokémon','Mushana','90','Rare','https://assets.tcgdex.net/fr/bw/bw1/49/high.webp','Psy','Noir & Blanc',2,'fr',null,(SELECT weaknessId FROM P10_Weakness WHERE weaknessType = 'Psy' AND weaknessValue = '×2'),null),
	('Pokemon','Luxio','80','Uncommon','https://assets.tcgdex.net/en/bw/bw4/44/high.webp','Lightning','Next Destinies',1,'en',null,(SELECT weaknessId FROM P10_Weakness WHERE weaknessType = 'Fighting' AND weaknessValue = '×2'),null),
	('Pokémon','Polarhume','70','Commune','https://assets.tcgdex.net/fr/bw/bw4/36/high.webp','Eau','Destinées Futures',3,'fr',null,(SELECT weaknessId FROM P10_Weakness WHERE weaknessType = 'Metal' AND weaknessValue = '×2'),null),
	('Pokemon','Vanillite','50','Common','https://assets.tcgdex.net/en/bw/bw5/33/high.webp','Water','Dark Explorers',1,'en',null,(SELECT weaknessId FROM P10_Weakness WHERE weaknessType = 'Metal' AND weaknessValue = '×2'),null),
	('Pokémon','Reshiram','130','Rare','https://assets.tcgdex.net/fr/bw/bw1/26/high.webp','Feu','Noir & Blanc',2,'fr',null,(SELECT weaknessId FROM P10_Weakness WHERE weaknessType = 'Eau' AND weaknessValue = '×2'),null),
	('Pokemon','Palpitoad','80','Uncommon','https://assets.tcgdex.net/en/bw/bw3/23/high.webp','Water','Noble Victories',2,'en',null,(SELECT weaknessId FROM P10_Weakness WHERE weaknessType = 'Grass' AND weaknessValue = '×2'),null),
	('Pokémon','Tiplouf','60','Commune','https://assets.tcgdex.net/fr/bw/bw5/27/high.webp','Eau','Explorateurs Obscurs',1,'fr',null,(SELECT weaknessId FROM P10_Weakness WHERE weaknessType = 'Électrique' AND weaknessValue = '×2'),null),
	('Pokemon','Relicanth','90','Uncommon','https://assets.tcgdex.net/en/bw/bw10/24/high.webp','Water','Plasma Blast',1,'en',null,(SELECT weaknessId FROM P10_Weakness WHERE weaknessType = 'Grass' AND weaknessValue = '×2'),null),
	('Dresseur','Poké Ball',null,'Commune','https://assets.tcgdex.net/fr/bw/bw7/131/high.webp',null,'Frontières Franchies',null,'fr',(SELECT abilityId FROM P10_Ability WHERE abilityEffect = 'Lancez une pièce. Si c’est face, cherchez un Pokémon dans votre deck, montrez-le, puis ajoutez-le à votre main. Mélangez ensuite votre deck.'),null,null),
	('Energy','Fire Energy',null,'Common','https://assets.tcgdex.net/en/bw/bw1/106/high.webp',null,'Black & White',null,'en',null,null,null),
	('Pokémon','Malosse','60','Commune','https://assets.tcgdex.net/fr/bw/bw10/55/high.webp','Obscurité','Explosion Plasma',1,'fr',null,(SELECT weaknessId FROM P10_Weakness WHERE weaknessType = 'Combat' AND weaknessValue = '×2'),(SELECT resistanceId FROM P10_Resistance WHERE resistanceType = 'Psy' AND resistanceValue = '-20')),
	('Pokemon','Solosis','30','Common','https://assets.tcgdex.net/en/bw/bw3/50/high.webp','Psychic','Noble Victories',1,'en',null,(SELECT weaknessId FROM P10_Weakness WHERE weaknessType = 'Psychic' AND weaknessValue = '×2'),null),
	('Pokémon','Lewsor','60','Commune','https://assets.tcgdex.net/fr/bw/bw3/55/high.webp','Psy','Nobles Victoires',1,'fr',null,(SELECT weaknessId FROM P10_Weakness WHERE weaknessType = 'Psy' AND weaknessValue = '×2'),null),
	('Pokemon','Zekrom','130','Rare','https://assets.tcgdex.net/en/bw/bw4/50/high.webp','Lightning','Next Destinies',2,'en',null,(SELECT weaknessId FROM P10_Weakness WHERE weaknessType = 'Fighting' AND weaknessValue = '×2'),null),
	('Pokémon','Giratina-EX','180','Ultra Rare','https://assets.tcgdex.net/fr/bw/bw6/124/high.webp','Dragon','Dragons Éxaltés',3,'fr',null,(SELECT weaknessId FROM P10_Weakness WHERE weaknessType = 'Dragon' AND weaknessValue = '×2'),null),
	('Trainer','Superior Energy Retrieval',null,'Uncommon','https://assets.tcgdex.net/en/bw/bw9/103/high.webp',null,'Plasma Freeze',null,'en',null,null,null);

INSERT INTO P10_Contient(cardId, attackId) VALUES
	((SELECT cardId FROM P10_Card WHERE cardImg = 'https://assets.tcgdex.net/en/bw/bw4/7/high.webp'), (SELECT attackId FROM P10_Attack WHERE attackName = 'Collect' AND attackCost = 'Grass' AND attackDamage IS NULL)),
	((SELECT cardId FROM P10_Card WHERE cardImg = 'https://assets.tcgdex.net/en/bw/bw4/7/high.webp'), (SELECT attackId FROM P10_Attack WHERE attackName = 'Stadium Drain' AND attackCost = 'GrassColorless' AND attackDamage = '30')),
	((SELECT cardId FROM P10_Card WHERE cardImg = 'https://assets.tcgdex.net/fr/bw/dv1/6/high.webp'), (SELECT attackId FROM P10_Attack WHERE attackName = 'Coup d''Boule' AND attackCost = 'Incolore' AND attackDamage = '10')),
	((SELECT cardId FROM P10_Card WHERE cardImg = 'https://assets.tcgdex.net/fr/bw/dv1/6/high.webp'), (SELECT attackId FROM P10_Attack WHERE attackName = 'Dracogriffe' AND attackCost = 'FeuEau' AND attackDamage = '20')),
	((SELECT cardId FROM P10_Card WHERE cardImg = 'https://assets.tcgdex.net/en/bw/bw9/5/high.webp'), (SELECT attackId FROM P10_Attack WHERE attackName = 'Blockade' AND attackCost = 'Colorless' AND attackDamage = '10')),
	((SELECT cardId FROM P10_Card WHERE cardImg = 'https://assets.tcgdex.net/en/bw/bw9/5/high.webp'), (SELECT attackId FROM P10_Attack WHERE attackName = 'Stomp' AND attackCost = 'GrassColorlessColorless' AND attackDamage = '60')),
	((SELECT cardId FROM P10_Card WHERE cardImg = 'https://assets.tcgdex.net/fr/bw/bw6/13/high.webp'), (SELECT attackId FROM P10_Attack WHERE attackName = 'Piqûre Piquante' AND attackCost = 'PlanteIncolore' AND attackDamage = '10')),
	((SELECT cardId FROM P10_Card WHERE cardImg = 'https://assets.tcgdex.net/en/bw/bw6/12/high.webp'), (SELECT attackId FROM P10_Attack WHERE attackName = 'Double Whip' AND attackCost = 'Colorless' AND attackDamage = '10')),
	((SELECT cardId FROM P10_Card WHERE cardImg = 'https://assets.tcgdex.net/en/bw/bw6/12/high.webp'), (SELECT attackId FROM P10_Attack WHERE attackName = 'Relaxing Fragrance' AND attackCost = 'Grass' AND attackDamage IS NULL)),
	((SELECT cardId FROM P10_Card WHERE cardImg = 'https://assets.tcgdex.net/fr/bw/bw1/8/high.webp'), (SELECT attackId FROM P10_Attack WHERE attackName = 'Canon Graine' AND attackCost = 'Plante' AND attackDamage = '30')),
	((SELECT cardId FROM P10_Card WHERE cardImg = 'https://assets.tcgdex.net/fr/bw/bw1/8/high.webp'), (SELECT attackId FROM P10_Attack WHERE attackName = 'Combo-Griffe' AND attackCost = 'IncoloreIncoloreIncolore' AND attackDamage = '40')),
	((SELECT cardId FROM P10_Card WHERE cardImg = 'https://assets.tcgdex.net/en/bw/bw2/7/high.webp'), (SELECT attackId FROM P10_Attack WHERE attackName = 'Nurturing' AND attackCost = 'Colorless' AND attackDamage IS NULL)),
	((SELECT cardId FROM P10_Card WHERE cardImg = 'https://assets.tcgdex.net/en/bw/bw2/7/high.webp'), (SELECT attackId FROM P10_Attack WHERE attackName = 'X-Scissor' AND attackCost = 'GrassColorless' AND attackDamage = '30')),
	((SELECT cardId FROM P10_Card WHERE cardImg = 'https://assets.tcgdex.net/en/bw/bw10/34/high.webp'), (SELECT attackId FROM P10_Attack WHERE attackName = 'Creepy Wind' AND attackCost = 'Psychic' AND attackDamage IS NULL)),
	((SELECT cardId FROM P10_Card WHERE cardImg = 'https://assets.tcgdex.net/en/bw/bw10/34/high.webp'), (SELECT attackId FROM P10_Attack WHERE attackName = 'Wind Blast' AND attackCost = 'ColorlessColorlessColorless' AND attackDamage IS NULL)),
	((SELECT cardId FROM P10_Card WHERE cardImg = 'https://assets.tcgdex.net/fr/bw/bw2/17/high.webp'), (SELECT attackId FROM P10_Attack WHERE attackName = 'Giga-Sangsue' AND attackCost = 'PlanteIncolore' AND attackDamage = '30')),
	((SELECT cardId FROM P10_Card WHERE cardImg = 'https://assets.tcgdex.net/fr/bw/bw2/17/high.webp'), (SELECT attackId FROM P10_Attack WHERE attackName = 'Lame Sainte' AND attackCost = 'PlantePlanteIncolore' AND attackDamage = '100')),
	((SELECT cardId FROM P10_Card WHERE cardImg = 'https://assets.tcgdex.net/en/bw/bw7/16/high.webp'), (SELECT attackId FROM P10_Attack WHERE attackName = 'Sleep Powder' AND attackCost = 'Grass' AND attackDamage = '10')),
	((SELECT cardId FROM P10_Card WHERE cardImg = 'https://assets.tcgdex.net/fr/bw/bw3/64/high.webp'), (SELECT attackId FROM P10_Attack WHERE attackName = 'Écras''Montagne' AND attackCost = 'CombatIncoloreIncoloreIncolore' AND attackDamage = '80')),
	((SELECT cardId FROM P10_Card WHERE cardImg = 'https://assets.tcgdex.net/en/bw/bw10/58/high.webp'), (SELECT attackId FROM P10_Attack WHERE attackName = 'Metal Claw' AND attackCost = 'Metal' AND attackDamage = '20')),
	((SELECT cardId FROM P10_Card WHERE cardImg = 'https://assets.tcgdex.net/en/bw/bw10/58/high.webp'), (SELECT attackId FROM P10_Attack WHERE attackName = 'Iron Head' AND attackCost = 'MetalColorlessColorless' AND attackDamage = '50')),
	((SELECT cardId FROM P10_Card WHERE cardImg = 'https://assets.tcgdex.net/fr/bw/bwp/BW13/high.webp'), (SELECT attackId FROM P10_Attack WHERE attackName = 'Ronge' AND attackCost = 'Incolore' AND attackDamage = '10')),
	((SELECT cardId FROM P10_Card WHERE cardImg = 'https://assets.tcgdex.net/fr/bw/bwp/BW13/high.webp'), (SELECT attackId FROM P10_Attack WHERE attackName = 'Coup de Queue' AND attackCost = 'IncoloreIncolore' AND attackDamage = '20')),
	((SELECT cardId FROM P10_Card WHERE cardImg = 'https://assets.tcgdex.net/fr/bw/bw3/13/high.webp'), (SELECT attackId FROM P10_Attack WHERE attackName = 'Double Pioche' AND attackCost = 'Incolore' AND attackDamage IS NULL)),
	((SELECT cardId FROM P10_Card WHERE cardImg = 'https://assets.tcgdex.net/fr/bw/bw3/13/high.webp'), (SELECT attackId FROM P10_Attack WHERE attackName = 'Rafale de Feuilles' AND attackCost = 'PlanteIncolore' AND attackDamage = '40')),
	((SELECT cardId FROM P10_Card WHERE cardImg = 'https://assets.tcgdex.net/en/bw/bw4/12/high.webp'), (SELECT attackId FROM P10_Attack WHERE attackName = 'Fire Spin' AND attackCost = 'FireFireColorless' AND attackDamage = '100')),
	((SELECT cardId FROM P10_Card WHERE cardImg = 'https://assets.tcgdex.net/fr/bw/bw9/62/high.webp'), (SELECT attackId FROM P10_Attack WHERE attackName = 'Gifles Sans Fin' AND attackCost = 'CombatIncolore' AND attackDamage = '20')),
	((SELECT cardId FROM P10_Card WHERE cardImg = 'https://assets.tcgdex.net/fr/bw/bw9/62/high.webp'), (SELECT attackId FROM P10_Attack WHERE attackName = 'Enfoncer' AND attackCost = 'CombatCombatIncolore' AND attackDamage = '60')),
	((SELECT cardId FROM P10_Card WHERE cardImg = 'https://assets.tcgdex.net/en/bw/bw7/57/high.webp'), (SELECT attackId FROM P10_Attack WHERE attackName = 'Flame Charge' AND attackCost = 'Colorless' AND attackDamage IS NULL)),
	((SELECT cardId FROM P10_Card WHERE cardImg = 'https://assets.tcgdex.net/en/bw/bw7/57/high.webp'), (SELECT attackId FROM P10_Attack WHERE attackName = 'Thunder' AND attackCost = 'LightningColorlessColorless' AND attackDamage = '90')),
	((SELECT cardId FROM P10_Card WHERE cardImg = 'https://assets.tcgdex.net/en/bw/bw8/103/high.webp'), (SELECT attackId FROM P10_Attack WHERE attackName = 'Sweet Kiss' AND attackCost = 'Colorless' AND attackDamage = '30')),
	((SELECT cardId FROM P10_Card WHERE cardImg = 'https://assets.tcgdex.net/en/bw/bw8/96/high.webp'), (SELECT attackId FROM P10_Attack WHERE attackName = 'Slash' AND attackCost = 'ColorlessColorlessColorless' AND attackDamage = '60')),
	((SELECT cardId FROM P10_Card WHERE cardImg = 'https://assets.tcgdex.net/en/bw/bw8/96/high.webp'), (SELECT attackId FROM P10_Attack WHERE attackName = 'White Inferno' AND attackCost = 'FireFireWaterColorless' AND attackDamage = '100')),
	((SELECT cardId FROM P10_Card WHERE cardImg = 'https://assets.tcgdex.net/fr/bw/bw2/48/high.webp'), (SELECT attackId FROM P10_Attack WHERE attackName = 'Claque' AND attackCost = 'Psy' AND attackDamage = '30')),
	((SELECT cardId FROM P10_Card WHERE cardImg = 'https://assets.tcgdex.net/fr/bw/bw2/48/high.webp'), (SELECT attackId FROM P10_Attack WHERE attackName = 'Choc Émotionnel' AND attackCost = 'PsyIncoloreIncolore' AND attackDamage = '60')),
	((SELECT cardId FROM P10_Card WHERE cardImg = 'https://assets.tcgdex.net/en/bw/bw1/44/high.webp'), (SELECT attackId FROM P10_Attack WHERE attackName = 'Stun Needle' AND attackCost = 'Lightning' AND attackDamage = '10')),
	((SELECT cardId FROM P10_Card WHERE cardImg = 'https://assets.tcgdex.net/fr/bw/bwp/BW98/high.webp'), (SELECT attackId FROM P10_Attack WHERE attackName = 'Échange Psychique' AND attackCost = 'Psy' AND attackDamage IS NULL)),
	((SELECT cardId FROM P10_Card WHERE cardImg = 'https://assets.tcgdex.net/fr/bw/bw6/16/high.webp'), (SELECT attackId FROM P10_Attack WHERE attackName = 'Para-Dard' AND attackCost = 'PlanteIncolore' AND attackDamage = '20')),
	((SELECT cardId FROM P10_Card WHERE cardImg = 'https://assets.tcgdex.net/fr/bw/bw6/16/high.webp'), (SELECT attackId FROM P10_Attack WHERE attackName = 'Épine Renforcée' AND attackCost = 'PlanteIncoloreIncolore' AND attackDamage = '40')),
	((SELECT cardId FROM P10_Card WHERE cardImg = 'https://assets.tcgdex.net/en/bw/bw7/15/high.webp'), (SELECT attackId FROM P10_Attack WHERE attackName = 'Fluffy Tag' AND attackCost = 'Colorless' AND attackDamage IS NULL)),
	((SELECT cardId FROM P10_Card WHERE cardImg = 'https://assets.tcgdex.net/en/bw/bw7/15/high.webp'), (SELECT attackId FROM P10_Attack WHERE attackName = 'Stun Spore' AND attackCost = 'Grass' AND attackDamage = '20')),
	((SELECT cardId FROM P10_Card WHERE cardImg = 'https://assets.tcgdex.net/fr/bw/bw7/64/high.webp'), (SELECT attackId FROM P10_Attack WHERE attackName = 'Piqûre Paralysante' AND attackCost = 'PsyIncolore' AND attackDamage = '20')),
	((SELECT cardId FROM P10_Card WHERE cardImg = 'https://assets.tcgdex.net/en/bw/bw6/58/high.webp'), (SELECT attackId FROM P10_Attack WHERE attackName = 'Nap' AND attackCost = 'ColorlessColorless' AND attackDamage IS NULL)),
	((SELECT cardId FROM P10_Card WHERE cardImg = 'https://assets.tcgdex.net/en/bw/bw6/58/high.webp'), (SELECT attackId FROM P10_Attack WHERE attackName = 'Pound' AND attackCost = 'PsychicColorlessColorless' AND attackDamage = '40')),
	((SELECT cardId FROM P10_Card WHERE cardImg = 'https://assets.tcgdex.net/en/bw/bw8/52/high.webp'), (SELECT attackId FROM P10_Attack WHERE attackName = 'Spiral Drain' AND attackCost = 'Colorless' AND attackDamage = '10')),
	((SELECT cardId FROM P10_Card WHERE cardImg = 'https://assets.tcgdex.net/fr/bw/bw4/37/high.webp'), (SELECT attackId FROM P10_Attack WHERE attackName = 'Découragement' AND attackCost = 'IncoloreIncolore' AND attackDamage = '40')),
	((SELECT cardId FROM P10_Card WHERE cardImg = 'https://assets.tcgdex.net/fr/bw/bw4/37/high.webp'), (SELECT attackId FROM P10_Attack WHERE attackName = 'Embuscade' AND attackCost = 'EauIncoloreIncolore' AND attackDamage = '60')),
	((SELECT cardId FROM P10_Card WHERE cardImg = 'https://assets.tcgdex.net/en/bw/bw7/34/high.webp'), (SELECT attackId FROM P10_Attack WHERE attackName = 'Confuse Ray' AND attackCost = 'Colorless' AND attackDamage IS NULL)),
	((SELECT cardId FROM P10_Card WHERE cardImg = 'https://assets.tcgdex.net/en/bw/bw7/34/high.webp'), (SELECT attackId FROM P10_Attack WHERE attackName = 'Water Gun' AND attackCost = 'WaterColorless' AND attackDamage = '30')),
	((SELECT cardId FROM P10_Card WHERE cardImg = 'https://assets.tcgdex.net/en/bw/bw5/103/high.webp'), (SELECT attackId FROM P10_Attack WHERE attackName = 'Fire Fang' AND attackCost = 'FireColorless' AND attackDamage = '30')),
	((SELECT cardId FROM P10_Card WHERE cardImg = 'https://assets.tcgdex.net/en/bw/bw5/103/high.webp'), (SELECT attackId FROM P10_Attack WHERE attackName = 'Grand Flame' AND attackCost = 'FireFireColorless' AND attackDamage = '90')),
	((SELECT cardId FROM P10_Card WHERE cardImg = 'https://assets.tcgdex.net/fr/bw/bw6/107/high.webp'), (SELECT attackId FROM P10_Attack WHERE attackName = 'Amnésie' AND attackCost = 'IncoloreIncoloreIncolore' AND attackDamage = '40')),
	((SELECT cardId FROM P10_Card WHERE cardImg = 'https://assets.tcgdex.net/fr/bw/bw6/107/high.webp'), (SELECT attackId FROM P10_Attack WHERE attackName = 'Tacle Titubant' AND attackCost = 'IncoloreIncoloreIncoloreIncolore' AND attackDamage = '60')),
	((SELECT cardId FROM P10_Card WHERE cardImg = 'https://assets.tcgdex.net/en/bw/bw7/96/high.webp'), (SELECT attackId FROM P10_Attack WHERE attackName = 'Metal Sound' AND attackCost = 'Metal' AND attackDamage IS NULL)),
	((SELECT cardId FROM P10_Card WHERE cardImg = 'https://assets.tcgdex.net/en/bw/bw7/96/high.webp'), (SELECT attackId FROM P10_Attack WHERE attackName = 'Swift' AND attackCost = 'ColorlessColorlessColorless' AND attackDamage = '70')),
	((SELECT cardId FROM P10_Card WHERE cardImg = 'https://assets.tcgdex.net/en/bw/bw8/72/high.webp'), (SELECT attackId FROM P10_Attack WHERE attackName = 'Spinning Turn' AND attackCost = 'Fighting' AND attackDamage = '40')),
	((SELECT cardId FROM P10_Card WHERE cardImg = 'https://assets.tcgdex.net/en/bw/bw8/72/high.webp'), (SELECT attackId FROM P10_Attack WHERE attackName = 'Wreck' AND attackCost = 'FightingFightingColorlessColorless' AND attackDamage = '80')),
	((SELECT cardId FROM P10_Card WHERE cardImg = 'https://assets.tcgdex.net/fr/bw/bw7/112/high.webp'), (SELECT attackId FROM P10_Attack WHERE attackName = 'Picpic' AND attackCost = 'Incolore' AND attackDamage = '10')),
	((SELECT cardId FROM P10_Card WHERE cardImg = 'https://assets.tcgdex.net/en/bw/bw3/98/high.webp'), (SELECT attackId FROM P10_Attack WHERE attackName = 'Stored Power' AND attackCost = 'FireColorless' AND attackDamage = '30')),
	((SELECT cardId FROM P10_Card WHERE cardImg = 'https://assets.tcgdex.net/fr/bw/bw6/72/high.webp'), (SELECT attackId FROM P10_Attack WHERE attackName = 'Picpic' AND attackCost = 'Incolore' AND attackDamage = '10')),
	((SELECT cardId FROM P10_Card WHERE cardImg = 'https://assets.tcgdex.net/fr/bw/bw6/72/high.webp'), (SELECT attackId FROM P10_Attack WHERE attackName = 'Cru-Aile' AND attackCost = 'ObscuritéIncolore' AND attackDamage = '20')),
	((SELECT cardId FROM P10_Card WHERE cardImg = 'https://assets.tcgdex.net/en/bw/bw10/65/high.webp'), (SELECT attackId FROM P10_Attack WHERE attackName = 'Reverse Edge' AND attackCost = 'PsychicMetalColorless' AND attackDamage = '50')),
	((SELECT cardId FROM P10_Card WHERE cardImg = 'https://assets.tcgdex.net/en/bw/bw10/65/high.webp'), (SELECT attackId FROM P10_Attack WHERE attackName = 'Fast Forward' AND attackCost = 'ColorlessColorlessColorlessColorless' AND attackDamage = '90')),
	((SELECT cardId FROM P10_Card WHERE cardImg = 'https://assets.tcgdex.net/fr/bw/bw7/76/high.webp'), (SELECT attackId FROM P10_Attack WHERE attackName = 'Coup de Poing Psy' AND attackCost = 'IncoloreIncolore' AND attackDamage = '30')),
	((SELECT cardId FROM P10_Card WHERE cardImg = 'https://assets.tcgdex.net/fr/bw/bw7/76/high.webp'), (SELECT attackId FROM P10_Attack WHERE attackName = 'Rayon Désintégrateur' AND attackCost = 'PsyIncoloreIncolore' AND attackDamage = '50')),
	((SELECT cardId FROM P10_Card WHERE cardImg = 'https://assets.tcgdex.net/en/bw/bw5/69/high.webp'), (SELECT attackId FROM P10_Attack WHERE attackName = 'Ascension' AND attackCost = 'Darkness' AND attackDamage IS NULL)),
	((SELECT cardId FROM P10_Card WHERE cardImg = 'https://assets.tcgdex.net/en/bw/bw5/69/high.webp'), (SELECT attackId FROM P10_Attack WHERE attackName = 'Scratch' AND attackCost = 'ColorlessColorless' AND attackDamage = '20')),
	((SELECT cardId FROM P10_Card WHERE cardImg = 'https://assets.tcgdex.net/fr/bw/bw4/99/high.webp'), (SELECT attackId FROM P10_Attack WHERE attackName = 'Giga Pouvoir' AND attackCost = 'IncoloreIncoloreIncolore' AND attackDamage = '60')),
	((SELECT cardId FROM P10_Card WHERE cardImg = 'https://assets.tcgdex.net/fr/bw/bw4/99/high.webp'), (SELECT attackId FROM P10_Attack WHERE attackName = 'Marteau Rageur' AND attackCost = 'IncoloreIncoloreIncoloreIncolore' AND attackDamage = '50')),
	((SELECT cardId FROM P10_Card WHERE cardImg = 'https://assets.tcgdex.net/fr/bw/bw7/60/high.webp'), (SELECT attackId FROM P10_Attack WHERE attackName = 'Rafale Psy' AND attackCost = 'PsyIncolore' AND attackDamage = '30')),
	((SELECT cardId FROM P10_Card WHERE cardImg = 'https://assets.tcgdex.net/fr/bw/bw7/60/high.webp'), (SELECT attackId FROM P10_Attack WHERE attackName = 'Extrasenseur' AND attackCost = 'PsyIncoloreIncolore' AND attackDamage = '60')),
	((SELECT cardId FROM P10_Card WHERE cardImg = 'https://assets.tcgdex.net/en/bw/bw3/54/high.webp'), (SELECT attackId FROM P10_Attack WHERE attackName = 'Headbutt' AND attackCost = 'Colorless' AND attackDamage = '10')),
	((SELECT cardId FROM P10_Card WHERE cardImg = 'https://assets.tcgdex.net/en/bw/bw3/54/high.webp'), (SELECT attackId FROM P10_Attack WHERE attackName = 'Calm Mind' AND attackCost = 'Psychic' AND attackDamage IS NULL)),
	((SELECT cardId FROM P10_Card WHERE cardImg = 'https://assets.tcgdex.net/fr/bw/bw2/50/high.webp'), (SELECT attackId FROM P10_Attack WHERE attackName = 'Coup d''Boule' AND attackCost = 'Incolore' AND attackDamage = '10')),
	((SELECT cardId FROM P10_Card WHERE cardImg = 'https://assets.tcgdex.net/fr/bw/bw2/50/high.webp'), (SELECT attackId FROM P10_Attack WHERE attackName = 'Attaque Imprudente' AND attackCost = 'CombatIncolore' AND attackDamage = '30')),
	((SELECT cardId FROM P10_Card WHERE cardImg = 'https://assets.tcgdex.net/en/bw/bw9/45/high.webp'), (SELECT attackId FROM P10_Attack WHERE attackName = 'Lure Poison' AND attackCost = 'Psychic' AND attackDamage IS NULL)),
	((SELECT cardId FROM P10_Card WHERE cardImg = 'https://assets.tcgdex.net/en/bw/bw9/45/high.webp'), (SELECT attackId FROM P10_Attack WHERE attackName = 'Sludge Toss' AND attackCost = 'PsychicColorlessColorless' AND attackDamage = '30')),
	((SELECT cardId FROM P10_Card WHERE cardImg = 'https://assets.tcgdex.net/fr/bw/bw7/93/high.webp'), (SELECT attackId FROM P10_Attack WHERE attackName = 'Tornade' AND attackCost = 'ObscuritéIncolore' AND attackDamage = '30')),
	((SELECT cardId FROM P10_Card WHERE cardImg = 'https://assets.tcgdex.net/fr/bw/bw7/93/high.webp'), (SELECT attackId FROM P10_Attack WHERE attackName = 'Coupe Double' AND attackCost = 'ObscuritéIncoloreIncoloreIncolore' AND attackDamage = '80')),
	((SELECT cardId FROM P10_Card WHERE cardImg = 'https://assets.tcgdex.net/en/bw/bw3/84/high.webp'), (SELECT attackId FROM P10_Attack WHERE attackName = 'Energy Press' AND attackCost = 'MetalColorless' AND attackDamage = '20')),
	((SELECT cardId FROM P10_Card WHERE cardImg = 'https://assets.tcgdex.net/en/bw/bw3/84/high.webp'), (SELECT attackId FROM P10_Attack WHERE attackName = 'Iron Breaker' AND attackCost = 'MetalMetalColorless' AND attackDamage = '80')),
	((SELECT cardId FROM P10_Card WHERE cardImg = 'https://assets.tcgdex.net/fr/bw/bwp/BW75/high.webp'), (SELECT attackId FROM P10_Attack WHERE attackName = 'Contrôleur d''Esprit' AND attackCost = 'PsyIncoloreIncoloreIncolore' AND attackDamage = '60')),
	((SELECT cardId FROM P10_Card WHERE cardImg = 'https://assets.tcgdex.net/en/bw/bw6/127/high.webp'), (SELECT attackId FROM P10_Attack WHERE attackName = 'Dark Clamp' AND attackCost = 'DarknessColorlessColorless' AND attackDamage = '60')),
	((SELECT cardId FROM P10_Card WHERE cardImg = 'https://assets.tcgdex.net/en/bw/bw6/127/high.webp'), (SELECT attackId FROM P10_Attack WHERE attackName = 'Bombast' AND attackCost = 'DarknessDarknessColorlessColorless' AND attackDamage = '40')),
	((SELECT cardId FROM P10_Card WHERE cardImg = 'https://assets.tcgdex.net/fr/bw/bw7/25/high.webp'), (SELECT attackId FROM P10_Attack WHERE attackName = 'Roulade' AND attackCost = 'FeuIncolore' AND attackDamage = '20')),
	((SELECT cardId FROM P10_Card WHERE cardImg = 'https://assets.tcgdex.net/fr/bw/bw7/25/high.webp'), (SELECT attackId FROM P10_Attack WHERE attackName = 'Souffle-Feu' AND attackCost = 'FeuIncoloreIncolore' AND attackDamage = '40')),
	((SELECT cardId FROM P10_Card WHERE cardImg = 'https://assets.tcgdex.net/en/bw/bw9/22/high.webp'), (SELECT attackId FROM P10_Attack WHERE attackName = 'Mud Gun' AND attackCost = 'WaterColorlessColorless' AND attackDamage = '60')),
	((SELECT cardId FROM P10_Card WHERE cardImg = 'https://assets.tcgdex.net/fr/bw/bw8/44/high.webp'), (SELECT attackId FROM P10_Attack WHERE attackName = 'Strido-Son' AND attackCost = 'Incolore' AND attackDamage IS NULL)),
	((SELECT cardId FROM P10_Card WHERE cardImg = 'https://assets.tcgdex.net/fr/bw/bw8/44/high.webp'), (SELECT attackId FROM P10_Attack WHERE attackName = 'Boule Élek' AND attackCost = 'ÉlectriqueIncolore' AND attackDamage = '30')),
	((SELECT cardId FROM P10_Card WHERE cardImg = 'https://assets.tcgdex.net/en/bw/bw9/40/high.webp'), (SELECT attackId FROM P10_Attack WHERE attackName = 'Poison Sting' AND attackCost = 'PsychicColorless' AND attackDamage = '20')),
	((SELECT cardId FROM P10_Card WHERE cardImg = 'https://assets.tcgdex.net/fr/bw/bw9/46/high.webp'), (SELECT attackId FROM P10_Attack WHERE attackName = 'Succion Empoisonnée' AND attackCost = 'PsyIncoloreIncolore' AND attackDamage = '60')),
	((SELECT cardId FROM P10_Card WHERE cardImg = 'https://assets.tcgdex.net/fr/bw/bw9/46/high.webp'), (SELECT attackId FROM P10_Attack WHERE attackName = 'Flot de Vase' AND attackCost = 'PsyPsyIncoloreIncolore' AND attackDamage = '80')),
	((SELECT cardId FROM P10_Card WHERE cardImg = 'https://assets.tcgdex.net/en/bw/bw4/42/high.webp'), (SELECT attackId FROM P10_Attack WHERE attackName = 'Jump On' AND attackCost = 'Lightning' AND attackDamage = '10')),
	((SELECT cardId FROM P10_Card WHERE cardImg = 'https://assets.tcgdex.net/en/bw/bw4/42/high.webp'), (SELECT attackId FROM P10_Attack WHERE attackName = 'Static Shock' AND attackCost = 'LightningColorless' AND attackDamage = '20')),
	((SELECT cardId FROM P10_Card WHERE cardImg = 'https://assets.tcgdex.net/fr/bw/bw8/134/high.webp'), (SELECT attackId FROM P10_Attack WHERE attackName = 'Bourrasque Plasma' AND attackCost = 'IncoloreIncoloreIncoloreIncolore' AND attackDamage = '120')),
	((SELECT cardId FROM P10_Card WHERE cardImg = 'https://assets.tcgdex.net/fr/bw/bw2/98/high.webp'), (SELECT attackId FROM P10_Attack WHERE attackName = 'Roue d''Énergie' AND attackCost = 'Incolore' AND attackDamage IS NULL)),
	((SELECT cardId FROM P10_Card WHERE cardImg = 'https://assets.tcgdex.net/fr/bw/bw2/98/high.webp'), (SELECT attackId FROM P10_Attack WHERE attackName = 'Vent Violent' AND attackCost = 'IncoloreIncoloreIncolore' AND attackDamage = '80')),
	((SELECT cardId FROM P10_Card WHERE cardImg = 'https://assets.tcgdex.net/en/bw/bw11/89/high.webp'), (SELECT attackId FROM P10_Attack WHERE attackName = 'Ascension' AND attackCost = 'Darkness' AND attackDamage IS NULL)),
	((SELECT cardId FROM P10_Card WHERE cardImg = 'https://assets.tcgdex.net/en/bw/bw11/89/high.webp'), (SELECT attackId FROM P10_Attack WHERE attackName = 'Scratch' AND attackCost = 'ColorlessColorless' AND attackDamage = '20')),
	((SELECT cardId FROM P10_Card WHERE cardImg = 'https://assets.tcgdex.net/fr/bw/bw8/113/high.webp'), (SELECT attackId FROM P10_Attack WHERE attackName = 'Double Morsure' AND attackCost = 'IncoloreIncolore' AND attackDamage = '20')),
	((SELECT cardId FROM P10_Card WHERE cardImg = 'https://assets.tcgdex.net/fr/bw/bw8/113/high.webp'), (SELECT attackId FROM P10_Attack WHERE attackName = 'Balayage' AND attackCost = 'IncoloreIncoloreIncolore' AND attackDamage = '60')),
	((SELECT cardId FROM P10_Card WHERE cardImg = 'https://assets.tcgdex.net/en/bw/bw11/99/high.webp'), (SELECT attackId FROM P10_Attack WHERE attackName = 'Dragonblast' AND attackCost = 'PsychicDarknessDarknessColorless' AND attackDamage = '140')),
	((SELECT cardId FROM P10_Card WHERE cardImg = 'https://assets.tcgdex.net/fr/bw/bwp/BW57/high.webp'), (SELECT attackId FROM P10_Attack WHERE attackName = 'Pression Cuirassée' AND attackCost = 'MetalIncolore' AND attackDamage = '40')),
	((SELECT cardId FROM P10_Card WHERE cardImg = 'https://assets.tcgdex.net/fr/bw/bwp/BW57/high.webp'), (SELECT attackId FROM P10_Attack WHERE attackName = 'Double Baffe' AND attackCost = 'CombatMetalIncolore' AND attackDamage = '90')),
	((SELECT cardId FROM P10_Card WHERE cardImg = 'https://assets.tcgdex.net/fr/bw/bw2/62/high.webp'), (SELECT attackId FROM P10_Attack WHERE attackName = 'Mania' AND attackCost = 'CombatCombatIncolore' AND attackDamage = '70')),
	((SELECT cardId FROM P10_Card WHERE cardImg = 'https://assets.tcgdex.net/en/bw/bw10/56/high.webp'), (SELECT attackId FROM P10_Attack WHERE attackName = 'Dark Clamp' AND attackCost = 'DarknessColorless' AND attackDamage = '30')),
	((SELECT cardId FROM P10_Card WHERE cardImg = 'https://assets.tcgdex.net/en/bw/bw10/56/high.webp'), (SELECT attackId FROM P10_Attack WHERE attackName = 'Blazing Claws' AND attackCost = 'DarknessColorlessColorless' AND attackDamage = '60')),
	((SELECT cardId FROM P10_Card WHERE cardImg = 'https://assets.tcgdex.net/fr/bw/bw10/5/high.webp'), (SELECT attackId FROM P10_Attack WHERE attackName = 'Retour' AND attackCost = 'Plante' AND attackDamage = '10')),
	((SELECT cardId FROM P10_Card WHERE cardImg = 'https://assets.tcgdex.net/fr/bw/bw10/5/high.webp'), (SELECT attackId FROM P10_Attack WHERE attackName = 'Pression Énergétique' AND attackCost = 'PlanteIncolore' AND attackDamage = '20')),
	((SELECT cardId FROM P10_Card WHERE cardImg = 'https://assets.tcgdex.net/en/bw/bw6/5/high.webp'), (SELECT attackId FROM P10_Attack WHERE attackName = 'Agility' AND attackCost = 'ColorlessColorless' AND attackDamage = '30')),
	((SELECT cardId FROM P10_Card WHERE cardImg = 'https://assets.tcgdex.net/en/bw/bw6/5/high.webp'), (SELECT attackId FROM P10_Attack WHERE attackName = 'Cutting Wind' AND attackCost = 'ColorlessColorlessColorless' AND attackDamage = '70')),
	((SELECT cardId FROM P10_Card WHERE cardImg = 'https://assets.tcgdex.net/fr/bw/bw3/59/high.webp'), (SELECT attackId FROM P10_Attack WHERE attackName = 'Appât Lumineux' AND attackCost = 'Incolore' AND attackDamage IS NULL)),
	((SELECT cardId FROM P10_Card WHERE cardImg = 'https://assets.tcgdex.net/fr/bw/bw3/59/high.webp'), (SELECT attackId FROM P10_Attack WHERE attackName = 'Feu Follet' AND attackCost = 'PsyIncolore' AND attackDamage = '30')),
	((SELECT cardId FROM P10_Card WHERE cardImg = 'https://assets.tcgdex.net/en/bw/bw5/54/high.webp'), (SELECT attackId FROM P10_Attack WHERE attackName = 'Tromp' AND attackCost = 'FightingColorless' AND attackDamage = '20')),
	((SELECT cardId FROM P10_Card WHERE cardImg = 'https://assets.tcgdex.net/en/bw/bw5/54/high.webp'), (SELECT attackId FROM P10_Attack WHERE attackName = 'Giant Claw' AND attackCost = 'FightingFightingColorless' AND attackDamage = '80')),
	((SELECT cardId FROM P10_Card WHERE cardImg = 'https://assets.tcgdex.net/fr/bw/bw4/96/high.webp'), (SELECT attackId FROM P10_Attack WHERE attackName = 'Ailes Gelées' AND attackCost = 'EauIncoloreIncolore' AND attackDamage = '60')),
	((SELECT cardId FROM P10_Card WHERE cardImg = 'https://assets.tcgdex.net/fr/bw/bw4/96/high.webp'), (SELECT attackId FROM P10_Attack WHERE attackName = 'Tempêtegrêle' AND attackCost = 'EauEauIncoloreIncolore' AND attackDamage = '120')),
	((SELECT cardId FROM P10_Card WHERE cardImg = 'https://assets.tcgdex.net/fr/bw/bw9/117/high.webp'), (SELECT attackId FROM P10_Attack WHERE attackName = 'Ordre d''Assaut' AND attackCost = 'Eau' AND attackDamage = '10')),
	((SELECT cardId FROM P10_Card WHERE cardImg = 'https://assets.tcgdex.net/en/bw/bw7/101/high.webp'), (SELECT attackId FROM P10_Attack WHERE attackName = 'Dragon Fang' AND attackCost = 'LightningColorlessColorless' AND attackDamage = '60')),
	((SELECT cardId FROM P10_Card WHERE cardImg = 'https://assets.tcgdex.net/en/bw/bw7/101/high.webp'), (SELECT attackId FROM P10_Attack WHERE attackName = 'Freeze Shock' AND attackCost = 'WaterLightningLightningColorless' AND attackDamage = '150')),
	((SELECT cardId FROM P10_Card WHERE cardImg = 'https://assets.tcgdex.net/fr/bw/bw6/60/high.webp'), (SELECT attackId FROM P10_Attack WHERE attackName = 'Coup d''Boule' AND attackCost = 'Combat' AND attackDamage = '10')),
	((SELECT cardId FROM P10_Card WHERE cardImg = 'https://assets.tcgdex.net/fr/bw/bw6/60/high.webp'), (SELECT attackId FROM P10_Attack WHERE attackName = 'Bataille' AND attackCost = 'IncoloreIncolore' AND attackDamage = '20')),
	((SELECT cardId FROM P10_Card WHERE cardImg = 'https://assets.tcgdex.net/en/bw/bw9/54/high.webp'), (SELECT attackId FROM P10_Attack WHERE attackName = 'Transfer Pain' AND attackCost = 'Psychic' AND attackDamage IS NULL)),
	((SELECT cardId FROM P10_Card WHERE cardImg = 'https://assets.tcgdex.net/fr/bw/bw1/49/high.webp'), (SELECT attackId FROM P10_Attack WHERE attackName = 'Onde Hypnotique' AND attackCost = 'Psy' AND attackDamage = '20')),
	((SELECT cardId FROM P10_Card WHERE cardImg = 'https://assets.tcgdex.net/fr/bw/bw1/49/high.webp'), (SELECT attackId FROM P10_Attack WHERE attackName = 'Dévorêve' AND attackCost = 'PsyPsy' AND attackDamage = '90')),
	((SELECT cardId FROM P10_Card WHERE cardImg = 'https://assets.tcgdex.net/en/bw/bw4/44/high.webp'), (SELECT attackId FROM P10_Attack WHERE attackName = 'Jump On' AND attackCost = 'Lightning' AND attackDamage = '20')),
	((SELECT cardId FROM P10_Card WHERE cardImg = 'https://assets.tcgdex.net/en/bw/bw4/44/high.webp'), (SELECT attackId FROM P10_Attack WHERE attackName = 'Wild Charge' AND attackCost = 'LightningColorlessColorless' AND attackDamage = '60')),
	((SELECT cardId FROM P10_Card WHERE cardImg = 'https://assets.tcgdex.net/fr/bw/bw4/36/high.webp'), (SELECT attackId FROM P10_Attack WHERE attackName = 'Reniflement' AND attackCost = 'Eau' AND attackDamage IS NULL)),
	((SELECT cardId FROM P10_Card WHERE cardImg = 'https://assets.tcgdex.net/fr/bw/bw4/36/high.webp'), (SELECT attackId FROM P10_Attack WHERE attackName = 'Taloche' AND attackCost = 'EauIncolore' AND attackDamage = '20')),
	((SELECT cardId FROM P10_Card WHERE cardImg = 'https://assets.tcgdex.net/en/bw/bw5/33/high.webp'), (SELECT attackId FROM P10_Attack WHERE attackName = 'Double Spin' AND attackCost = 'Colorless' AND attackDamage = '10')),
	((SELECT cardId FROM P10_Card WHERE cardImg = 'https://assets.tcgdex.net/fr/bw/bw1/26/high.webp'), (SELECT attackId FROM P10_Attack WHERE attackName = 'Colère' AND attackCost = 'IncoloreIncolore' AND attackDamage = '20')),
	((SELECT cardId FROM P10_Card WHERE cardImg = 'https://assets.tcgdex.net/fr/bw/bw1/26/high.webp'), (SELECT attackId FROM P10_Attack WHERE attackName = 'Flamme Bleue' AND attackCost = 'FeuFeuIncolore' AND attackDamage = '120')),
	((SELECT cardId FROM P10_Card WHERE cardImg = 'https://assets.tcgdex.net/en/bw/bw3/23/high.webp'), (SELECT attackId FROM P10_Attack WHERE attackName = 'Mud Shot' AND attackCost = 'Water' AND attackDamage = '20')),
	((SELECT cardId FROM P10_Card WHERE cardImg = 'https://assets.tcgdex.net/en/bw/bw3/23/high.webp'), (SELECT attackId FROM P10_Attack WHERE attackName = 'Round' AND attackCost = 'ColorlessColorlessColorless' AND attackDamage = '20')),
	((SELECT cardId FROM P10_Card WHERE cardImg = 'https://assets.tcgdex.net/en/bw/bw10/24/high.webp'), (SELECT attackId FROM P10_Attack WHERE attackName = 'Fossil Hunt' AND attackCost = 'Colorless' AND attackDamage IS NULL)),
	((SELECT cardId FROM P10_Card WHERE cardImg = 'https://assets.tcgdex.net/en/bw/bw10/24/high.webp'), (SELECT attackId FROM P10_Attack WHERE attackName = 'Water Gun' AND attackCost = 'WaterColorless' AND attackDamage = '30')),
	((SELECT cardId FROM P10_Card WHERE cardImg = 'https://assets.tcgdex.net/fr/bw/bw10/55/high.webp'), (SELECT attackId FROM P10_Attack WHERE attackName = 'Hurlement' AND attackCost = 'Incolore' AND attackDamage IS NULL)),
	((SELECT cardId FROM P10_Card WHERE cardImg = 'https://assets.tcgdex.net/fr/bw/bw10/55/high.webp'), (SELECT attackId FROM P10_Attack WHERE attackName = 'Embuscade' AND attackCost = 'ObscuritéIncolore' AND attackDamage = '20')),
	((SELECT cardId FROM P10_Card WHERE cardImg = 'https://assets.tcgdex.net/en/bw/bw3/50/high.webp'), (SELECT attackId FROM P10_Attack WHERE attackName = 'Rollout' AND attackCost = 'Colorless' AND attackDamage = '10')),
	((SELECT cardId FROM P10_Card WHERE cardImg = 'https://assets.tcgdex.net/fr/bw/bw3/55/high.webp'), (SELECT attackId FROM P10_Attack WHERE attackName = 'Premier Contact' AND attackCost = 'Incolore' AND attackDamage IS NULL)),
	((SELECT cardId FROM P10_Card WHERE cardImg = 'https://assets.tcgdex.net/fr/bw/bw3/55/high.webp'), (SELECT attackId FROM P10_Attack WHERE attackName = 'Coup d''Boule' AND attackCost = 'PsyIncolore' AND attackDamage = '20')),
	((SELECT cardId FROM P10_Card WHERE cardImg = 'https://assets.tcgdex.net/en/bw/bw4/50/high.webp'), (SELECT attackId FROM P10_Attack WHERE attackName = 'Outrage' AND attackCost = 'ColorlessColorless' AND attackDamage = '20')),
	((SELECT cardId FROM P10_Card WHERE cardImg = 'https://assets.tcgdex.net/en/bw/bw4/50/high.webp'), (SELECT attackId FROM P10_Attack WHERE attackName = 'Bolt Strike' AND attackCost = 'LightningLightningColorless' AND attackDamage = '120')),
	((SELECT cardId FROM P10_Card WHERE cardImg = 'https://assets.tcgdex.net/fr/bw/bw6/124/high.webp'), (SELECT attackId FROM P10_Attack WHERE attackName = 'Déchiquetage' AND attackCost = 'PlantePsyIncolore' AND attackDamage = '90')),
	((SELECT cardId FROM P10_Card WHERE cardImg = 'https://assets.tcgdex.net/fr/bw/bw6/124/high.webp'), (SELECT attackId FROM P10_Attack WHERE attackName = 'Dracochoc' AND attackCost = 'PlantePsyIncoloreIncolore' AND attackDamage = '130'));